222,5.28,11.65,0,64.3,55.1,0
220,4.26,11.58,0,64.4,55.1,0
335,5.48,13.3,0,64.5,55.1,0
379,5.86,13.7,0,64.9,55.1,0
677,6.81,16.64,0,65.4,55.2,0
265,5.34,12.25,0,66.3,55.4,0
447,5.71,14.46,0,66.3,55.5,0
250,4.86,11.95,0,66.6,55.6,0
554,6.8,15.65,0,66.3,55.7,0
566,6.45,15.73,0,66.8,55.8,0
276,5.46,12.41,0,67.3,56,0
236,5.88,11.83,0,67.1,56.1,0
520,6.48,15.29,0,67,56.1,0
632,6.5,16.29,0,67.5,56.3,0
465,6.04,14.71,0,68.2,56.7,0
283,5.33,12.55,0,68.3,56.9,0
533,6.39,15.43,0,67.8,57,0
328,5.43,13.09,0,68,57,0
469,6.02,14.78,0,67.8,57.1,0
527,6.62,15.33,0,68.1,57.1,0
299,4.75,12.7,0,68.3,57.2,0
291,5.27,12.72,0,68,57.3,0
417,5.61,14.22,0,67.8,57.3,0
274,4.8,12.36,0,67.8,57.3,0
239,4.98,11.71,0,67.5,57.3,0
534,6.19,15.4,0,67.1,57.1,0
419,6.78,14.21,0,67.6,57.1,0
514,6.53,15.28,0,68,57.3,0
457,6.1,14.68,0,68.3,57.3,0
492,6.1,14.99,0,68.5,57.4,0
552,6.57,15.54,0,68.7,57.5,0
738,7.35,17.27,0,69,57.6,0
1021,8.28,17.35,0,69.6,58,0
961,8.16,17.32,0,70.3,58.5,0
824,6.82,17.41,0,70.8,59.1,0
813,7.31,17.42,0,71.3,59.8,0
585,6.41,15.89,0,71.5,60.3,0
483,6.1,14.87,0,71.3,60.6,0
458,6.1,14.7,0,71,60.7,0
361,5.07,13.44,0,70.6,60.8,0
406,5.89,14,0,70.1,60.6,0
442,5.82,14.56,0,70,60.5,0
426,5.68,14.37,0,70,60.4,0
355,5.57,13.45,0,69.9,60.3,0
410,6.25,14.09,0,69.6,60.3,0
642,6.76,16.38,0,69.5,60.1,0
625,6.75,16.25,0,70,60.2,0
575,5.98,15.78,0,70.4,60.5,0
468,6.81,14.79,0,70.6,60.6,0
594,6.3,16.01,0,70.7,60.7,0
663,7.29,16.61,0,70.8,60.8,0
551,6.84,15.61,0,71.3,61.1,0
556,6.59,15.67,0,71.4,61.3,0
396,5.73,13.97,0,71.5,61.3,0
513,6.4,15.21,0,71.5,61.4,0
316,5.02,12.99,0,71.4,61.4,0
277,5.12,12.42,0,70.9,61.3,0
198,4.17,11.12,0,70.3,61.1,0
553,6.56,15.66,0,69.7,60.9,0
1033,8.37,17.35,0,70.1,60.8,0
874,7.69,17.4,0,71,61.1,0
698,7.05,16.91,0,71.8,61.5,0
689,7.11,16.81,0,72.2,62,0
583,6.5,15.91,0,72.5,62.3,0
635,6.86,16.43,0,72.5,62.5,0
578,6.56,15.82,0,72.5,62.7,0
991,7.95,17.44,0,72.6,63,0
1086,8.29,17.48,0,73,63.5,0
808,6.98,17.35,0,73.3,64.2,0
1082,8.43,17.39,0,73.1,64.9,0
860,8.82,17.28,0,72.8,65.6,0
388,5.53,13.98,0,72.3,66.3,0
510,6.4,15.21,0,71.1,66.6,0
588,6.72,15.93,0,70.4,66.9,0
329,5.66,13.1,0,70.1,67.3,0
839,7.35,17.4,0,69.4,67.3,0
662,6.37,16.6,0,69.5,67.7,0
1218,8.96,17.32,0,69.6,68.2,0
760,7.42,17.36,0,69.9,68.7,0
1029,7.72,17.48,0,70,69.3,0
842,8.14,17.36,0,70.1,69.9,0
667,6.86,16.75,0,70.1,70.5,0
593,6.76,16.01,0,69.9,72.1,0
546,6.38,15.56,0,69.6,74.1,0
684,6.76,16.78,0,69.2,75.8,0
781,7.51,17.36,0,69.2,77.1,0
726,7.15,17.05,0,69.2,78.5,0
1142,8.35,17.38,0,69.2,79.6,0
953,8.39,17.35,0,69.4,80.6,0
1088,8.91,17.35,0,69.5,81.6,0
836,7.99,17.34,0,69.5,82.3,0
1168,8.16,17.48,0,69.5,83.1,0
942,8.89,17.3,0,69.5,83.6,0
737,8.14,17.25,0,69.6,84.1,0
1111,7.94,17.43,0,69.5,84.6,0
1223,8.58,17.45,0,69.5,85,0
1124,8.58,17.43,0,69.5,85.3,0
783,7.58,17.37,0,69.5,85.7,0
489,6.78,14.98,0,69.3,86,0
683,7.32,16.75,0,68.8,85.7,0
530,6.47,15.43,0,68.7,85.8,0
469,5.98,14.76,0,68.2,85.5,0
348,5.78,13.36,0,67.9,84.3,0
296,5.52,12.81,0,67.9,83,0
217,4.47,11.56,0,67.7,81.6,0
261,4.85,12.19,0,67.3,80.1,0
414,5.45,14.17,0,67,78.8,0
567,6.7,15.79,0,67.5,78.1,0
467,6.39,14.7,0,68.1,78,0
583,7.12,15.86,0,68.6,77.6,0
451,6.03,14.62,0,68.9,77.1,0
502,5.89,15.13,0,69.1,76.5,0
743,7.79,17.23,0,69.5,76.5,0
614,6.99,16.19,0,70,77.5,0
589,7.03,15.95,0,70.2,77.8,0
599,6.94,16.01,0,70.3,77.5,0
658,7.03,16.61,0,70.5,77.3,0
553,6.46,15.71,0,70.6,77.3,0
362,5.25,13.54,0,70.7,77.2,0
615,6.76,16.16,0,70.3,76.5,0
857,8.26,17.36,0,70.5,76.4,0
964,7.74,17.4,0,71.1,77.1,0
777,7.15,17.4,0,71.6,77.8,0
866,7.28,17.43,0,72.1,78.3,0
857,7.43,17.36,0,72.4,78.7,0
802,7.36,17.42,0,72.7,79.1,0
724,6.91,17.19,0,72.8,79.3,0
735,7.28,17.14,0,72.4,79.5,0
469,6.01,14.77,0,71.9,79.6,0
825,7.37,17.39,0,71.1,79.1,0
539,6.16,15.54,0,70.8,79,0
659,6.61,16.62,0,70.5,78.8,0
616,6.86,16.26,0,70.1,78.5,0
627,6.58,16.22,0,69.8,78,0
811,8.32,17.35,0,69.5,77.7,0
713,7.41,16.96,0,69.6,78,0
610,6.63,16.06,0,69.6,78.3,0
701,7.36,16.93,0,69.4,78.3,0
635,7.11,16.46,0,69.4,78.5,0
418,6.62,14.27,0,69.1,78.5,0
659,7.13,16.68,0,68.5,78,0
590,6.49,15.93,0,68.3,78,0
444,5.7,14.52,0,68.6,78.1,0
324,5.14,13.08,0,68.7,77.5,0
768,7.83,17.33,0,68.7,76.8,0
639,7.04,16.42,0,69.5,77.2,0
1172,9.18,17.48,0,70.1,77.8,0
1173,9.11,17.42,0,71,78.3,0
981,8.28,17.39,0,71.6,78.8,0
1014,7.79,17.41,0,72,79.1,0
1412,9.36,17.46,0.01,72.3,79.3,0
1140,8.2,17.4,0,72.8,79.6,0
937,7.94,17.43,0,72.9,79.8,0
1023,8.31,17.4,0,72.6,79.8,0
860,8.21,17.35,0,72.3,79.8,0
701,7.65,16.94,0,72,79.9,0
418,5.69,14.3,0,71.6,79.9,0
984,7.89,17.44,0,70.7,79.1,0
756,7.53,17.33,0,70.5,78.9,0
711,6.69,17.13,0,70.3,79,0
574,6.96,15.81,0,70.1,78.9,0
972,7.32,17.37,0.44,69.6,78.3,0
915,7.99,17.36,0,69.5,77.9,0
940,8.16,17.41,0,69.5,78,0
751,6.92,17.29,0,69.6,78.3,0
926,8.52,17.33,0,69.5,78.5,0
1142,7.39,17.46,0,69.5,78.6,0
933,8.34,17.35,0,69.4,78.8,0
864,7.39,17.44,0,69.3,78.7,0
1345,9.38,17.37,0,69.3,78.7,0
1450,9.69,17.39,0,69.4,78.7,0
860,8.11,17.36,0,69.5,78.8,0
1066,7.75,17.48,0,69.4,79,0
897,8.06,17.4,0,69.3,79.3,0
633,6.19,16.34,0,69.2,79.2,0
967,7.63,17.42,0,68.8,79,0
1171,8.44,17.54,0,68.6,78.5,0
1040,7.41,17.41,0,68.8,78.4,0
1140,8.91,17.37,0,68.9,78.3,0
1252,8.91,17.35,0,68.9,78.4,0
973,8.29,17.47,0,69,78.5,0
1119,8.69,17.4,0,69,78.6,0
1173,9.08,17.39,0,69,79,0
1067,8.39,17.4,0,69,79.3,0
1057,8.22,17.43,0,69,79.7,0
1078,8.59,17.43,0,69,80,0
1183,9.71,17.36,0,69,80.2,0
1279,9.61,17.33,0,69,80.3,0
1210,8.26,17.48,0,69,80.4,0
1133,8.17,17.52,0,69,80.3,0
1060,8.21,17.41,0,69,80.3,0
833,7.42,17.4,0,68.9,80.3,0
899,7.16,17.45,0,68.8,80.3,0
819,7,17.41,0,68.7,80.2,0
564,6.75,15.6,0,68.6,80,0
803,7.61,17.35,0,68.7,79.5,0
697,6.83,16.91,0,69.2,79.2,0
737,7.49,17.33,0,69.7,79.1,0
547,6.2,15.49,0,70.1,79.1,0
1011,8.36,17.33,0,70.3,78.7,0
765,7.73,17.36,0,70.7,78.6,0
1367,9.43,17.4,0,71.1,78.4,0
1102,8.41,17.41,0,71.5,78.3,0
1069,8.2,17.4,0,71.9,78.2,0
706,7.02,17.02,0,72.2,78.1,0
1191,8.49,17.48,0,72.3,78,0
888,7.26,17.43,0,72,78,0
836,7.06,17.43,0,71.5,78,0
998,8.67,17.41,0,71.1,78,0
1105,7.81,17.45,0,70.9,78,0
1164,8.91,17.46,0,70.6,78.1,0
953,8.86,17.4,0,70.5,78.1,0
1012,8.68,17.29,0,70.3,78.2,0
731,7.23,17.21,0,70.1,78.2,0
1014,7.45,17.53,0,70,78.1,0
1349,8.88,17.4,0,69.8,78.1,0
898,9.11,17.3,0,69.8,78.1,0
1166,8.4,17.4,0,69.8,78.3,0
1110,8.25,17.47,0,69.6,78.4,0
956,7.32,17.4,0,69.6,78.4,0
1072,8.84,17.31,0,69.5,78.5,0
1052,8.85,17.43,0,69.5,78.5,0
1227,9.44,17.47,0,69.5,78.4,0
967,8.6,17.4,0,69.5,78.2,0
853,7.35,17.45,0,69.3,78.1,0
665,7.44,16.69,0,69.2,78,0
642,6.63,16.46,0,68.9,77.8,0
805,7.67,17.44,0,68.5,77.4,0
666,7.07,16.69,0,68.6,77.1,0
1212,7.97,17.4,0,68.5,76.8,0
1075,9.23,17.33,0,69.2,76.5,0
836,7.81,17.41,0,69.9,76.2,0
1309,9.28,17.4,0,70.4,76,0
1158,9.19,17.32,0,71,76,0
1318,8.72,17.53,0,71.5,76,0
1184,8.89,17.43,0,71.8,76,0
1315,8.76,17.48,0,72.1,75.9,0
1129,8.67,17.49,0,72.4,75.8,0
1536,9.94,17.44,0.33,72.2,75.6,0
1160,9.07,17.34,0,72,75.5,0
1165,9.43,17.38,0,71.6,75.2,0
1369,8.97,17.52,0,71.3,75.1,0
1131,8.84,17.36,0,71.1,75.1,0
756,7.88,17.36,0,70.8,75,0
1025,8.9,17.45,0,70.6,75.1,0
1041,8.79,17.38,0,70.5,75,0
1280,9.78,17.33,0,70.3,74.8,0
1549,10.77,17.54,3.56,70.3,74.7,0
1539,10.57,17.34,2.46,70.2,74.6,0
1526,10.29,17.38,0.04,70.1,74.5,0
1515,9.75,17.48,0.2,70.1,74.3,0
1540,10.81,17.33,0.29,70,74.1,0
1541,10.74,17.5,0.9,70,74,0
1364,9.31,17.46,0.05,70,73.8,0
1535,11.25,17.38,2.38,70,73.7,0
1543,10.74,17.53,3.51,69.9,73.6,0
1366,10.5,17.29,0.01,69.9,73.4,0
1519,10.83,16.69,3.58,69.9,73.3,0
1532,11.43,17.41,4.2,69.9,73.1,0
1472,10.7,17.36,0,69.8,73,0
1261,10.29,17.34,0,69.8,72.9,0
1536,9.46,17.48,1,69.8,72.9,0
1538,10.06,17.48,0.74,69.8,72.9,0
1477,10.62,16.98,0,69.6,73,0
1549,10.82,17.23,2.81,69.6,73,0
1544,11.29,17.27,4.94,69.6,73,0
1482,10.33,17.4,0,69.6,73.1,0
1309,10.71,17.28,0,69.6,73,0
1497,10.77,17.34,0.01,69.6,73.1,0
1542,10.28,17.51,1.09,69.6,73.1,0
1479,11.24,16.18,5.31,69.6,73.1,0
1508,10.71,17.29,0.06,69.5,73,0
1540,10.51,17.38,0.15,69.5,73,0
1471,9.63,17.38,0.02,69.5,72.9,0
1551,11.04,17.61,2.69,69.5,72.8,0
1444,10.51,17.24,0,69.5,72.8,0
1540,10.73,17.53,1.34,69.5,72.8,0
1515,10.52,17.38,0.09,69.5,72.8,0
1508,11.66,17.19,9.28,69.5,72.7,0
1424,10.61,17.26,0.06,69.5,72.6,0
1466,10.48,17.37,0,69.4,72.5,0
1552,10.64,17.48,0.79,69.4,72.5,0
1272,10.82,17.31,0,69.5,72.4,0
1517,10.61,17.44,0.08,69.4,72.4,0
1546,10.3,17.5,0.9,69.4,72.4,0
1471,9.42,17.4,0.01,69.5,72.4,0
1534,9.53,17.26,0.97,69.4,72.5,0
1532,10.9,17.14,1.94,69.4,72.4,0
1454,11.04,17.33,0,69.4,72.5,0
1540,10.23,17.47,1,69.4,72.5,0
1529,10.67,17.48,5.26,69.4,72.5,0
1130,8.92,17.33,0,69.4,72.4,0
1016,9.16,17.37,0,69.3,72.4,0
1543,10.74,17.4,0.07,69.3,72.5,0
1245,9.58,17.38,0,69.3,72.4,0
1141,9.18,17.43,0,69.3,72.5,0
1508,9.96,17.39,0.05,69.3,72.5,0
1357,10.78,16.99,0,69.3,72.6,0
1426,8.76,17.29,0,69.3,72.7,0
1221,9.66,17.27,0,69.2,72.8,0
1479,10.43,17.34,0,69.2,72.8,0
1538,10.87,17.31,2.78,69.1,72.9,0
1550,10.76,17.65,2.78,69.1,72.9,0
1188,9.8,17.3,0,69.1,72.9,0
1191,9.39,17.48,0,69.1,72.9,0
1179,9.13,17.33,0,69.1,72.8,0
1127,9,17.26,0,69.1,72.8,0
1300,9.46,17.24,0,69,72.8,0
1468,10.32,17.37,0,69,72.7,0
1286,9.26,17.41,0,69,72.7,0
1421,9.78,17.42,0,69,72.6,0
1300,9.23,17.49,0,69,72.6,0
1308,10,17.34,0,68.9,72.6,0
1434,9.94,17.35,0.01,68.9,72.5,0
1327,9.88,17.35,0,68.9,72.4,0
1537,9.64,17.48,0.36,68.9,72.4,0
1543,10.86,17.26,3.56,68.9,72.3,0
1408,9.67,17.43,0,69,72.3,0
1360,10.16,17.19,0,68.9,72.1,0
1239,9.19,17.27,0,68.9,72.1,0
1490,10.55,17.36,0.04,68.9,72,0
1543,11.04,17.04,3.25,68.8,72,0
1540,10.23,17.45,0.94,68.8,71.9,0
1529,9.89,17.41,0.05,68.8,71.8,0
1535,10.42,17.33,3.67,68.8,71.7,0
1542,10.54,17.48,1.54,68.8,71.6,0
1378,10.35,17.32,0.03,68.8,71.5,0
1289,9,17.42,0,68.8,71.5,0
1548,10.14,17.36,3.18,68.8,71.4,0
1559,10.63,17.71,4.56,68.8,71.3,0
1386,9.91,17.32,0.01,68.8,71.2,0
1324,9.79,16.91,0,68.8,71.1,0
1529,9.85,17.2,3.16,68.8,71,0
1398,9.58,17.4,0,68.8,71,0
1491,9.22,17.41,0,68.8,70.9,0
1521,10.31,17.37,0.16,68.8,70.8,0
1529,9.75,17.35,3.47,68.8,70.8,0
1264,10.03,16.93,0,68.8,70.6,0
1532,11.08,17.33,5.55,68.8,70.5,0
1532,10.71,17.19,3.73,68.8,70.5,0
1530,11.64,17.21,7.19,68.8,70.4,0
1534,10.66,17.26,5.96,68.8,70.3,0
1539,10.78,17.46,6.06,68.9,70.2,0
1539,10.3,17.27,4.18,68.9,70.1,0
1547,10.32,17.01,4.23,68.9,70.1,0
1522,11.02,17.29,4.93,68.8,70.1,0
1538,11.13,17.52,6.06,68.8,70,0
1561,10.77,17.34,4.61,68.8,70,0
1528,10.72,17.35,5.32,68.8,69.8,0
1534,10.73,17.35,4.84,68.8,69.8,0
1544,10.24,17.63,8.33,68.9,69.8,0
1534,10.79,17.17,3.53,68.8,69.7,0
1536,11.36,17.33,6.35,68.9,69.7,0
1340,9.31,17.38,0,68.8,69.6,0
1553,10.47,17.08,2.8,68.8,69.6,0
1376,9.17,17.42,0,68.7,69.5,0
1429,9,17.4,0,68.7,69.5,0
1544,9.73,17.41,2.15,68.7,69.5,0
1496,9.69,17.4,0.03,68.8,69.4,0
1460,9.41,17.45,0,68.7,69.4,0
1288,9.05,17.33,0,68.8,69.4,0
1265,9.07,17.4,0,68.7,69.4,0
1268,9.12,17.38,0,68.7,69.3,0
1251,9.14,17.4,0,68.6,69.3,0
1239,9.87,17.39,0,68.6,69.3,0
1411,9.04,17.48,0,68.6,69.2,0
1342,9.62,17.36,0,68.5,69.2,0
1375,8.93,17.42,0,68.5,69.2,0
1333,9.56,17.39,0,68.5,69.2,0
1304,8.85,17.37,0,68.5,69.1,0
1202,8.75,17.48,0,68.6,69.1,0
1239,10.26,17.27,0,68.6,69.1,0
1421,9.93,17.41,0,68.5,69.1,0
1397,10.45,17.37,0,68.5,69,0
1281,10.31,17,0,68.5,69,0
1316,9.3,17.43,0,68.5,69,0
1398,10.75,17.09,0.16,68.5,69,0
1542,9.52,17.64,4.37,68.5,69,0
1384,9.96,17.33,0,68.6,68.9,0
1491,9.51,17.43,0.03,68.6,68.8,0
1534,10.32,17.11,3.4,68.6,68.9,0
1455,10.38,17.38,0,68.6,68.9,0
1091,9.39,17.35,0,68.6,68.8,0
1269,8.39,17.49,0.03,68.6,68.8,0
1393,10.96,17.21,0,68.6,68.9,0
1537,11.06,16.98,3.72,69.2,68.8,0
1549,9.27,17.63,2.63,69.8,68.9,0
1437,9.15,17.04,0,70.3,69,0
1513,9.8,16.54,0.94,70.9,69,0
1526,10.14,16.83,2.81,71.3,69,0
1167,9.46,17.44,0,71.6,69.1,0
1483,9.76,17.48,0.19,72,69.1,0
1542,10.92,16.96,0.98,72.2,69.2,0
1254,10.31,16.74,0,72,69.2,0
1542,9.48,17.12,3.55,71.5,69.3,0
1514,10.82,17.47,5,71.2,69.3,0
1277,9.54,17.38,0,70.9,69.4,0
1557,10.23,17.63,3.07,70.6,69.5,0
1524,10.39,17.41,0.16,70.3,69.5,0
1556,10.57,17.87,9.31,70.3,69.6,0
1301,10.54,16.62,0,70,69.6,0
1535,11.21,17.36,8.47,69.8,69.6,0
1322,9.52,17.34,0,69.8,69.7,0
1548,10.28,17.33,0.7,69.6,69.8,0
1266,9.96,17.24,0,69.5,70,0
1540,10.51,17.45,0.23,69.5,71.1,0
1547,10.58,17.66,3.62,69.4,74.1,0
1390,10.25,17.28,0.03,69.4,76.8,0
1535,10.02,17.22,4.46,69.3,79.1,0
1536,10.55,17.55,6.41,69.3,81,0
1546,11.08,17.37,3.63,69.2,82.5,0
1540,10.04,17.44,0.51,69.2,83.8,0
1538,11.5,17.04,3.03,69.2,85,0
1559,11.34,17.42,4.47,69.1,86,0
1460,10.99,15.94,2.17,69.1,86.8,0
1549,9.93,17.5,4.95,69.1,87.6,0
1537,10.41,17.14,5.54,69.1,88.3,0
1260,9.01,17.4,0,69.1,89,0
1442,10.13,17.35,0.01,69.1,89.5,0
1535,11.15,17.17,4.78,69,90.1,0
1119,10.17,17.17,0,69,90.5,0
1487,11.14,16.23,3.86,69,91,0
1312,10.07,17.19,0,68.9,91.3,0
1512,10.11,17.26,0.15,68.9,91.6,0
1539,10.45,17.43,5.19,68.9,92,0
1541,10.71,17.28,3.51,68.9,92.3,0
1218,9.28,17.36,0,68.9,92.6,0
1479,10.02,17.24,0.01,68.9,92.8,0
1333,9.72,17.22,0.49,68.8,93.1,0
1556,9.77,17.62,1.75,68.8,93.3,0
1492,9.88,17.36,0,68.8,93.5,0
1547,10.51,17.42,1.91,68.8,93.6,0
1324,10.33,16.98,0.01,68.7,93.8,0
1176,8.3,17.4,0,68.7,94,0
1547,9.83,17.42,3.41,68.7,94.2,0
1542,9.57,17.44,3.06,68.7,94.4,0
1536,10.56,17.21,3.67,68.7,94.6,0
1163,9,17.33,0,68.7,94.8,0
1280,9.07,17.55,0,68.6,95,0
460,9.63,12.56,25.52,68.6,95.1,0
0,9.18,0.19,89,67.8,94.5,0
0,9.34,0.09,89,66.4,92.5,0
0,9.06,0.07,89,65.5,90.5,0
0,8.09,0.3,89,65,88.5,0
0,9.53,0.31,89,64.5,86.8,0
0,10.25,0.42,89,64.3,85.3,0
0,9.12,0.17,89,64,83.8,0
0,7.99,0.15,89,63.8,82.5,0
0,10,0.21,89,63.6,81.2,0
0,8.55,0.47,89,63.5,80,0
0,9.36,0.46,89,63.3,78.9,0
0,8.62,0.27,89,63.2,77.8,0
0,9.37,0.09,89,63.1,76.9,0
0,9.13,0.23,89,63,75.9,0
0,8.22,0.51,89,62.8,75,0
0,10.01,0.45,89,62.8,74.2,0
0,9.85,0.21,89,62.7,73.5,0
0,9.67,0.15,89,62.6,72.7,0
-4,9.89,10.51,24.82,62.6,72.1,0
919,9.87,15.94,6.97,62.6,72.6,0
915,9.52,15.93,5.57,64.3,74.5,0
913,9.83,15.68,3.38,65.8,76.6,0
928,9.14,16.03,5.77,66.7,78.6,0
897,10.02,15.88,6.88,67.5,80.1,0
912,8.97,15.88,6.73,68.1,81.6,0
928,8.38,16.03,4.98,68.6,82.8,0
974,8.34,16.1,6.16,69,83.7,0
902,8.36,15.88,4.96,69.4,84.5,0
933,8.79,16.02,3.68,69.7,85.3,0
968,8.49,16.12,4.19,69.9,86,0
960,8.34,16.08,4.9,70.1,86.6,0
918,9.09,15.98,6.11,70.3,87.1,0
962,8.45,16.08,6.06,70.6,87.5,0
902,7.49,16,3.67,70.7,88,0
942,8.22,16.07,5.63,70.8,88.3,0
905,8.7,15.84,4.38,71,88.7,0
967,8.38,16.11,3.66,71.1,89,0
913,9.11,15.86,3.65,71.3,89.3,0
974,8.73,16.12,5.03,71.5,89.6,0
974,9.34,16.09,5.72,71.5,89.8,0
902,7.45,15.61,0,71.6,89.9,0
905,8.72,15.91,5.72,71.7,90,0
1005,8.52,16.17,6.22,71.8,90.1,0
914,8.88,15.88,3.24,71.9,90.2,0
911,8.68,15.97,2.96,72,90.3,0
980,8.27,16.09,3.03,72.1,90.4,0
907,8.58,15.98,4.97,72.2,90.5,0
975,8.17,16.09,4.97,72.3,90.5,0
773,7.32,15.96,0,72.4,90.6,0
909,8.3,15.95,2.66,72.4,90.6,0
867,8.07,15.99,0,72.5,90.6,0
919,8.64,15.79,0.71,72.6,90.7,0
954,8.42,16.08,2.02,72.7,90.8,0
947,7.65,16.04,0.18,72.8,90.9,0
924,8.38,15.84,0.53,72.6,91,0
978,7.98,16.11,2.97,72.1,91.1,0
911,8.53,15.84,3.14,71.5,91.2,0
970,8.51,16.1,4.85,71,91.3,0
911,8.68,15.93,4.49,70.6,91.3,0
774,6.93,16.08,0,70.2,91.2,0
880,8.06,15.88,0,69.8,91.2,0
327,5.35,12.95,23,67.7,55.9,1
331,5.09,13.04,22.9,67.6,55.7,1
323,4.9,12.98,22.9,67.6,55.5,1
329,5.2,12.92,22.9,67.5,55.3,1
304,5.01,12.6,22.8,67.4,55.1,1
310,4.73,12.68,22.8,67.3,54.8,1
266,4.76,12.2,22.8,67.2,54.6,1
388,5.76,13.73,22.8,67,54.4,1
393,5.64,13.72,23,67.1,54.4,1
288,5.07,12.52,22.9,67.3,54.5,1
280,4.93,12.5,22.8,67.2,54.3,1
299,5.03,12.62,22.8,67,54.2,1
382,5.68,13.52,22.9,67,54.1,1
344,5.26,13.27,22.9,67,54.1,1
369,5.5,13.48,23,67.1,54.1,1
349,5.46,13.3,23,67.1,54.2,1
322,5.27,13.07,23,67.1,54.2,1
385,5.45,13.75,23,67.1,54.2,1
382,5.3,13.65,23,67.3,54.2,1
420,5.39,14.07,23.1,67.4,54.3,1
401,5.12,13.83,23.1,67.6,54.3,1
358,5.46,13.39,23,67.6,54.3,1
302,4.76,12.71,22.9,67.5,54.3,1
355,5.41,13.35,22.9,67.3,54.2,1
295,4.75,12.64,23.1,67.2,54.1,1
325,5.05,12.93,23,67.1,54,1
294,4.84,12.54,23,67,53.9,1
284,4.75,12.37,23,66.8,53.8,1
247,4.93,11.87,22.9,66.6,53.6,1
226,4.77,11.43,22.8,66.4,53.5,1
231,4.91,11.52,22.8,66.1,53.3,1
261,5.26,12.08,22.8,65.9,53.1,1
228,4.76,11.57,22.8,65.8,53,1
252,4.97,11.94,22.8,65.7,52.8,1
228,4.39,11.59,23,65.6,52.6,1
203,4.38,11.18,23,65.5,52.5,1
180,4.63,10.71,23,65.3,52.3,1
174,4.33,10.67,22.9,65,52.1,1
119,3.75,10.37,23,64.8,52,1
117,3.36,10.39,23.1,64.3,51.8,1
103,3.77,10.42,23,64,51.5,1
135,3.35,10.45,23,63.6,51.4,1
56,2.84,10.42,23.1,63.4,51.2,1
130,3.04,10.52,23.1,63,51,1
103,3.47,10.43,23.1,62.8,50.8,1
106,3.78,10.38,23.1,62.7,50.7,1
78,3.09,10.46,23.3,62.6,50.5,1
143,3.66,10.39,23.1,62.2,50.4,1
192,4.19,10.78,23.3,62.3,50.3,1
223,4.81,11.49,23.3,62.5,50.1,1
218,4.41,11.31,23.3,62.8,50.1,1
220,4.21,11.52,23.3,63,50,1
196,4.42,11.01,23.3,63,50,1
159,4,10.42,23.3,63,49.9,1
103,3.69,10.53,23.2,62.6,49.8,1
114,3.57,10.4,23.3,62.2,49.7,1
112,3.45,10.43,23.2,61.9,49.6,1
123,3.72,10.43,23.1,61.6,49.5,1
92,3.32,10.4,23.1,61.4,49.3,1
103,3.16,10.47,23.1,61.2,49.3,1
88,2.89,10.45,23.1,60.9,49.1,1
84,3.18,10.43,23.1,60.6,49.1,1
73,2.63,10.44,23.1,60.4,49,1
70,3,10.44,23.3,60.2,48.9,1
61,2.87,10.44,23.2,60,48.8,1
48,2.73,10.39,23.1,59.8,48.7,1
74,3.04,10.45,23,59.5,48.6,1
80,2.84,10.46,23,59.5,48.5,1
94,2.89,10.46,23,59.4,48.5,1
112,3.18,10.42,23,59.4,48.4,1
111,3.29,10.46,23,59.5,48.3,1
104,3.15,10.45,23,59.5,48.2,1
117,3.5,10.42,23.1,59.5,48.1,1
136,3.49,10.44,23,59.5,48.1,1
141,3.71,10.45,23,59.6,48,1
137,3.34,10.43,23,59.6,48,1
122,3.62,10.5,23,59.6,47.8,1
115,3.73,10.43,23,59.6,47.8,1
93,3.08,10.48,23,59.5,47.7,1
131,4.28,10.42,23,59.3,47.7,1
130,3.89,10.47,22.9,59.3,47.6,1
139,3.83,10.43,22.8,59.3,47.5,1
142,3.73,10.47,22.8,59.3,47.5,1
123,3.45,10.52,23,59.4,47.5,1
122,3.38,10.47,23.1,59.3,47.3,1
131,3.33,10.45,23,59.1,47.3,1
151,3.89,10.46,22.9,59.1,47.2,1
147,3.6,10.4,22.8,59.1,47.2,1
178,4.26,10.6,23,59.3,47.1,1
175,4.29,10.66,22.9,59.3,47.1,1
197,4.15,10.98,22.9,59.5,47.1,1
241,4.66,11.7,22.8,59.6,47,1
273,4.7,12.18,22.9,59.9,47,1
305,4.91,12.68,22.9,60.3,47.1,1
275,4.84,12.3,22.9,60.6,47.1,1
353,5.43,13.44,22.8,60.8,47.1,1
310,4.92,12.87,22.8,61.1,47.2,1
299,4.82,12.54,22.8,61.4,47.3,1
305,5.23,12.76,22.6,61.5,47.5,1
299,5.12,12.48,22.7,61.7,47.5,1
221,4.97,11.52,22.8,61.8,47.6,1
177,4.68,10.72,22.7,61.5,47.6,1
193,4.48,10.89,22.6,61.2,47.5,1
183,4.52,10.67,22.7,61,47.5,1
128,4.11,10.46,22.8,60.6,47.3,1
141,3.95,10.44,22.6,60.3,47.3,1
170,3.99,10.49,22.5,60.1,47.2,1
172,4.26,10.56,22.6,60,47.1,1
84,4.12,10.38,22.6,59.9,47,1
115,3.97,10.43,22.5,59.6,46.9,1
113,3.99,10.4,22.6,59.5,46.8,1
113,3.62,10.4,22.6,59.3,46.8,1
86,3.43,10.42,22.6,59,46.7,1
104,3.39,10.44,22.7,58.6,46.6,1
107,3.45,10.46,22.7,58.4,46.6,1
99,3.45,10.46,22.6,58.2,46.5,1
99,3.48,10.45,22.7,58.1,46.4,1
85,3.34,10.44,22.8,58,46.4,1
101,3.16,10.46,22.6,57.8,46.3,1
78,3.16,10.45,22.7,57.7,46.3,1
117,3.55,10.47,22.7,57.6,46.2,1
120,3.55,10.45,23,57.6,46.2,1
148,3.8,10.45,23,57.6,46.1,1
143,3.64,10.45,22.8,57.8,46.1,1
128,3.73,10.46,22.8,57.9,46,1
153,3.98,10.46,22.8,58,46,1
144,3.85,10.46,22.8,58.1,45.9,1
129,3.73,10.42,23,58.1,45.9,1
134,3.94,10.43,23,58.1,45.8,1
165,3.78,10.45,22.8,58,45.8,1
146,3.67,10.45,22.8,58.1,45.7,1
144,3.8,10.48,22.7,58.2,45.7,1
142,4.07,10.45,22.8,58.3,45.6,1
175,4.5,10.46,22.9,58.3,45.6,1
204,4.98,11.02,22.9,58.3,45.6,1
225,5.34,11.56,22.8,58.6,45.6,1
192,4.71,10.94,22.8,58.9,45.6,1
179,4.2,10.67,22.8,59,45.6,1
196,4.47,10.91,23,59,45.6,1
171,3.74,10.51,22.9,59.1,45.6,1
198,4.23,11.04,22.8,59,45.5,1
225,4.78,11.54,22.8,59,45.5,1
223,4.62,11.57,22.8,59.3,45.6,1
269,5.05,12.1,22.8,59.5,45.6,1
237,4.32,11.69,22.9,59.7,45.6,1
216,4.57,11.31,22.9,59.8,45.6,1
205,4.26,11.15,22.9,59.8,45.6,1
183,3.55,10.69,22.9,59.8,45.6,1
259,4.86,12.05,22.9,59.6,45.7,1
237,4.86,11.91,22.8,59.9,45.7,1
239,4.84,11.76,22.8,60.1,45.7,1
262,5,12.06,22.9,60.1,45.8,1
234,4.77,11.65,22.9,60.2,45.8,1
217,4.72,11.47,23,60.1,45.8,1
191,4.11,10.96,23,60.1,45.8,1
193,4.15,10.89,23,60,45.8,1
196,4.47,10.86,23.1,59.8,45.8,1
204,4.63,11.04,23.2,59.7,45.8,1
165,4.59,10.55,23.2,59.6,45.8,1
145,4.19,10.39,23.2,59.5,45.8,1
68,3.22,10.42,23.2,59.1,45.7,1
76,3.04,10.46,23.3,58.6,45.6,1
101,3.04,10.51,23.3,58.1,45.6,1
56,3.12,10.47,23.4,57.9,45.5,1
162,4.02,10.49,23.3,57.7,45.5,1
170,4.28,10.56,23.3,57.8,45.5,1
152,4.12,10.42,23.4,58.1,45.3,1
123,4.38,10.39,23.6,58.2,45.3,1
137,4.02,10.46,23.6,58.2,45.3,1
132,3.72,10.44,23.7,58.1,45.3,1
131,3.67,10.44,23.8,58,45.3,1
90,3.54,10.44,23.8,57.8,45.2,1
117,3.34,10.46,23.9,57.6,45.1,1
104,3.4,10.44,23.9,57.5,45.1,1
118,3.53,10.43,24,57.3,45.1,1
104,3.1,10.51,24,57.2,45.1,1
105,3.95,10.39,24.1,57.1,45.1,1
85,3.09,10.47,24.1,57,45.1,1
99,3.2,10.39,24.3,56.8,45,1
93,3.22,10.47,24.3,56.6,45,1
73,3.11,10.43,24.5,56.4,45,1
81,3.04,10.48,24.4,56.3,45,1
90,3.14,10.43,24.3,56.2,44.9,1
85,3.41,10.41,24.4,56.1,44.9,1
70,3.15,10.42,24.5,56,44.9,1
75,2.68,10.49,24.3,55.9,44.8,1
94,2.98,10.42,24.3,55.7,44.9,1
107,3.33,10.46,24.4,55.6,44.8,1
136,3.67,10.45,24.4,55.7,44.8,1
117,3.32,10.47,24.5,55.8,44.8,1
168,3.9,10.56,24.5,56,44.8,1
130,4.25,10.37,24.5,56.3,44.8,1
98,3.76,10.44,24.6,56.4,44.8,1
106,3.53,10.44,24.8,56.3,44.8,1
125,3.69,10.43,25,56.2,44.8,1
58,3.17,10.52,24.7,56.1,44.7,1
80,3.03,10.44,24.5,55.8,44.8,1
87,2.61,10.46,24.5,55.6,44.7,1
82,3.56,10.47,24.4,55.5,44.7,1
58,3.06,10.41,24.3,55.5,44.7,1
111,3.35,10.44,24.4,55.3,44.7,1
73,3.06,10.44,24.4,55.4,44.6,1
143,3.53,10.51,24.5,55.5,44.6,1
162,3.96,10.41,24.4,55.6,44.6,1
139,3.33,10.45,24.5,55.8,44.6,1
126,3.66,10.41,24.6,56,44.6,1
166,3.78,10.51,24.6,56,44.6,1
121,4.12,10.42,24.5,56.1,44.6,1
117,3.45,10.46,24.5,56.1,44.6,1
104,3.42,10.44,24.5,56,44.6,1
85,3.18,10.48,24.5,56,44.6,1
108,3.47,10.44,24.6,55.8,44.6,1
121,3.55,10.45,24.6,55.8,44.6,1
108,3.35,10.44,24.8,55.8,44.6,1
120,3.26,10.53,24.8,55.8,44.6,1
108,3.49,10.45,24.8,55.8,44.6,1
100,3.2,10.46,24.9,55.8,44.5,1
97,3.12,10.52,24.9,55.7,44.5,1
128,3.83,10.47,24.9,55.6,44.6,1
108,3.5,10.43,25,55.7,44.5,1
108,3.06,10.45,25.1,55.6,44.5,1
122,3.49,10.47,25.1,55.6,44.5,1
113,3.4,10.45,25.2,55.6,44.5,1
118,3.41,10.44,25.4,55.6,44.5,1
103,3.36,10.41,25.4,55.6,44.5,1
161,4.08,10.45,25.4,55.7,44.5,1
116,3.7,10.45,25.4,55.9,44.5,1
77,3.25,10.48,25.3,55.8,44.5,1
93,3.8,10.39,25.3,55.6,44.5,1
79,3.02,10.48,25.3,55.5,44.5,1
41,2.81,10.42,25.5,55.3,44.6,1
82,2.92,10.4,25.5,55,44.6,1
88,2.87,10.51,25.4,54.8,44.6,1
103,3.45,10.46,25.6,54.8,44.5,1
82,3.46,10.44,25.5,54.9,44.5,1
101,3.64,10.39,25.4,55,44.5,1
156,3.99,10.45,25.5,55.2,44.5,1
168,4.42,10.45,25.5,55.5,44.6,1
125,3.49,10.45,25.3,55.8,44.6,1
112,3.65,10.43,25.3,55.8,44.6,1
98,3.48,10.42,25.5,55.7,44.6,1
137,3.71,10.46,25.5,55.6,44.6,1
59,3.29,10.4,25.5,55.6,44.6,1
30,2.06,10.49,25.8,55.4,44.6,1
85,3.21,10.47,25.5,55,44.6,1
137,3.46,10.52,25.6,55,44.6,1
171,4.37,10.85,25.6,55.3,44.6,1
108,3.52,10.45,25.6,55.6,44.6,1
163,3.92,10.59,25.7,55.6,44.6,1
126,3.67,10.45,25.8,55.8,44.7,1
140,3.62,10.44,25.8,55.9,44.7,1
36,2.7,10.44,25.8,55.8,44.7,1
97,3.78,10.24,25.8,55.5,44.7,1
159,3.56,10.56,26,55.6,44.8,1
110,3.37,10.45,26.1,55.6,44.8,1
168,4.26,10.49,26.1,55.6,44.8,1
107,3.89,10.4,26.2,55.9,44.8,1
47,2.97,10.41,26.3,55.7,44.8,1
124,2.96,10.45,26.3,55.3,44.8,1
113,3.22,10.45,26.3,55,44.8,1
76,3.85,10.34,26.3,54.9,44.9,1
148,3.79,10.42,26.3,55.1,44.9,1
115,3.84,10.42,26.3,55.5,44.9,1
136,4.13,10.41,26.2,55.5,44.9,1
103,3.47,10.45,26.1,55.6,44.9,1
140,3.89,10.41,26,55.5,44.9,1
99,3.76,10.44,26.1,55.4,44.9,1
173,4.27,10.53,26.2,55.4,45,1
142,3.46,10.49,26.2,55.6,45,1
220,4.72,11.46,26.1,55.6,45,1
252,4.72,11.99,26.1,56.2,45,1
240,4.88,11.71,26.1,56.8,45.1,1
128,3.64,10.46,26.3,57.1,45.1,1
115,3.72,10.46,26.2,56.8,45.2,1
111,3.69,10.38,26.1,56.5,45.2,1
166,4.13,10.48,26,56.3,45.2,1
134,4,10.49,26.1,56.4,45.2,1
157,3.85,10.55,26.2,56.4,45.2,1
199,4.67,10.9,26.1,56.5,45.2,1
104,3.79,10.41,26.2,56.6,45.3,1
119,3.4,10.44,26.1,56.3,45.3,1
147,3.64,10.52,26.2,56.1,45.3,1
215,4.56,11.33,26.3,56.3,45.3,1
113,3.47,10.52,26.5,56.6,45.3,1
61,2.98,10.42,26.5,56.5,45.3,1
166,3.97,10.49,26.3,56.2,45.3,1
123,3.78,10.4,26.3,56.3,45.3,1
142,3.85,10.38,26.3,56.3,45.3,1
98,3.12,10.44,26.5,56.3,45.3,1
116,3.22,10.54,26.5,56,45.4,1
177,4.16,10.75,26.5,56,45.3,1
184,3.94,10.83,26.4,56.3,45.4,1
162,4.25,10.46,26.5,56.5,45.4,1
114,3.43,10.46,26.5,56.5,45.5,1
81,3.7,10.35,26.6,56.4,45.4,1
79,2.85,10.37,26.7,56,45.5,1
78,3.04,10.4,26.8,55.6,45.4,1
128,3.55,10.53,26.7,55.4,45.4,1
96,3.81,10.38,26.6,55.5,45.5,1
47,2.74,10.4,26.6,55.6,45.5,1
81,3.57,10.38,26.6,55.3,45.5,1
135,3.9,10.44,26.4,55.2,45.5,1
198,4.81,11.11,26.4,55.5,45.4,1
108,3.23,10.45,26.6,55.9,45.5,1
72,3.36,10.41,26.6,55.7,45.5,1
80,2.93,10.51,26.7,55.5,45.5,1
167,4.24,10.67,26.7,55.5,45.5,1
150,4.04,10.43,26.6,55.9,45.6,1
278,5.01,12.47,26.4,56,45.5,1
369,5.43,13.7,26.3,56.6,45.6,1
109,3.34,10.29,26.3,57.6,45.8,1
14,2.56,10.38,26.4,57.5,45.9,1
-6,1.9,10.25,26.8,56.6,45.9,1
53,2.16,10.44,26.9,55.7,45.9,1
68,2.98,10.41,27,55.2,45.9,1
154,3.37,10.65,26.9,55,45.9,1
145,3.98,10.48,27,55.3,45.9,1
98,2.91,10.52,26.9,55.7,45.9,1
166,3.75,10.43,27.1,55.6,45.9,1
177,4.54,10.58,27.1,55.6,45.9,1
106,3.4,10.48,27.1,56,45.9,1
94,3.92,10.48,27.1,55.9,45.9,1
99,2.97,10.51,26.6,55.9,45.9,1
58,3.04,10.41,26.8,55.6,45.9,1
75,2.5,10.53,27.2,55.3,45.9,1
31,3.01,10.41,27.1,55.1,45.9,1
102,2.82,10.51,27.1,54.8,45.9,1
101,3.97,10.42,27.1,54.8,45.9,1
257,5.31,12.09,27,55.1,45.9,1
321,5.46,13.06,26.8,55.9,46,1
234,4.75,11.66,27,56.8,46.1,1
237,4.81,11.74,27.1,57.3,46.2,1
176,4.31,10.81,27.1,57.5,46.3,1
267,5.18,12.25,26.8,57.4,46.3,1
138,3.78,10.36,26.8,57.7,46.4,1
141,4.07,10.36,26.9,57.5,46.4,1
199,4.27,11.11,26.9,57.4,46.4,1
117,3.78,10.41,26.8,57.3,46.4,1
60,3.39,10.39,26.8,57,46.4,1
80,3,10.53,26.9,56.4,46.4,1
185,4.51,10.69,26.9,56.2,46.4,1
239,4.67,11.73,26.8,56.5,46.4,1
216,4.91,11.39,26.9,57,46.5,1
66,3.56,10.36,27.1,57.3,46.5,1
33,2.36,10.39,27,56.8,46.5,1
173,3.07,10.63,27.1,56,46.5,1
379,5.68,13.6,26.6,56.1,46.5,1
182,4.2,10.67,26.7,57.1,46.6,1
170,3.97,10.48,26.8,57.3,46.6,1
306,5.5,12.77,26.7,57.3,46.7,1
249,5.03,11.83,26.6,57.8,46.8,1
229,4.78,11.53,26.8,58.1,46.8,1
79,3.69,10.36,27,58.1,46.9,1
109,3.15,10.54,27.1,57.5,46.9,1
85,2.79,10.53,27,56.9,46.9,1
216,4.36,11.53,27.1,56.5,46.8,1
189,4.17,10.89,26.8,56.8,46.9,1
98,3.18,10.45,26.9,57.1,46.8,1
171,4.2,10.52,26.8,56.8,46.9,1
295,5.08,12.63,26.6,57,46.9,1
402,5.91,13.95,26.8,57.6,46.9,1
244,4.63,11.81,27,58.4,47,1
209,4.32,11.18,26.9,58.5,47.2,1
95,4.15,10.5,27.1,58.5,47.2,1
120,4.02,10.38,27.3,58.1,47.2,1
213,4.56,11.42,27.2,57.8,47.2,1
195,3.9,11.04,27.1,57.8,47.2,1
119,2.64,10.47,26.8,57.8,47.2,1
127,3.6,10.43,26.9,57.5,47.1,1
100,3.22,10.5,27.1,57.2,47.1,1
122,3.02,10.55,27.2,56.9,47.1,1
61,3.12,10.48,27.3,56.7,47.1,1
95,3.5,10.43,27,56.5,47.1,1
80,3.11,10.47,27,56.4,47,1
101,3.89,10.47,26.8,56.3,47,1
177,2.92,10.67,26.8,56.4,47,1
241,4.65,11.69,26.6,56.7,47,1
344,5.37,13.18,26.5,57.4,47,1
175,4.22,10.6,26.6,58.2,47.2,1
120,3.74,10.47,26.6,58.2,47.2,1
111,3.42,10.51,26.7,57.8,47.2,1
254,4.63,12.01,26.6,57.5,47.2,1
313,5.5,12.84,26.4,57.9,47.2,1
370,5.35,13.55,26.5,58.6,47.3,1
216,4.32,11.38,26.5,59.4,47.5,1
197,4.97,10.98,26.5,59.3,47.6,1
297,4.82,12.54,26.4,59.1,47.6,1
75,3.41,10.37,26.5,59.1,47.7,1
232,4.88,11.76,26.5,58.9,47.7,1
169,3.92,10.5,26.4,59,47.7,1
265,5,12.13,26.3,58.9,47.7,1
193,4.38,10.96,26.3,59.1,47.7,1
116,3.77,10.32,26.3,59,47.7,1
210,4.2,11.15,26.4,58.6,47.7,1
172,4.15,10.47,26.5,58.6,47.7,1
97,3.55,10.42,26.5,58.4,47.6,1
53,3.3,10.37,26.5,58.1,47.6,1
100,3.68,10.53,26.5,57.6,47.6,1
107,3.37,10.44,26.5,57.3,47.5,1
82,3.55,10.46,26.5,57.1,47.5,1
125,3.98,10.38,26.5,57,47.5,1
255,5.17,12.01,26.4,57.1,47.4,1
158,4.15,10.49,26.5,57.6,47.5,1
166,4.19,10.42,26.5,57.8,47.4,1
182,4.2,10.8,26.6,57.8,47.4,1
103,3.41,10.44,26.6,57.8,47.4,1
127,3.96,10.43,26.6,57.6,47.3,1
133,3.38,10.47,26.6,57.4,47.3,1
152,4.28,10.51,26.5,57.2,47.3,1
85,3.59,10.46,26.7,57.1,47.3,1
69,3.29,10.37,26.6,56.9,47.3,1
194,4.27,10.96,26.6,56.7,47.3,1
209,4.35,11.34,26.5,57.1,47.3,1
212,4.63,11.35,26.5,57.5,47.3,1
216,4.42,11.31,26.6,57.8,47.3,1
202,4.76,11.21,26.6,58.1,47.3,1
108,4.44,10.45,26.7,58.1,47.3,1
261,4.79,12.12,26.7,57.7,47.3,1
194,4.04,11.06,26.9,57.8,47.3,1
258,5.2,12.29,26.8,57.9,47.3,1
305,5.01,12.84,26.8,58.4,47.5,1
265,4.74,12.03,26.8,58.9,47.6,1
233,4.52,11.62,26.6,59.1,47.6,1
208,4.4,11.27,26.6,59.1,47.7,1
87,3.1,10.47,26.8,59,47.7,1
134,3.51,10.41,26.8,58.5,47.7,1
96,3.86,10.4,26.8,58.2,47.6,1
103,3.56,10.41,26.7,57.8,47.6,1
172,3.94,10.67,26.5,57.5,47.6,1
237,4.82,11.77,26.7,57.6,47.6,1
62,3.7,10.38,26.6,58.1,47.6,1
157,3.91,10.48,26.6,58,47.6,1
107,4.13,10.48,26.6,57.8,47.6,1
93,3.67,10.4,26.6,57.6,47.5,1
33,3.01,10.44,26.6,57.2,47.5,1
-4,2.17,10.46,26.7,56.6,47.5,1
174,4.02,10.5,26.6,56.1,47.4,1
170,4.39,10.56,26.5,56.4,47.5,1
180,4.25,10.86,26.5,56.8,47.3,1
83,3.35,10.33,26.6,57,47.3,1
165,4.15,10.47,26.5,56.8,47.3,1
188,4.34,10.92,26.5,57,47.3,1
131,3.61,10.46,26.5,57.2,47.3,1
103,3.17,10.52,26.4,57.1,47.3,1
107,3.57,10.47,26.4,56.8,47.3,1
180,3.95,10.82,26.4,56.6,47.3,1
225,4.76,11.56,26.3,56.9,47.3,1
185,4.39,10.74,26.3,57.3,47.3,1
61,2.91,10.49,26.2,57.4,47.3,1
133,3.92,10.39,26.2,57,47.3,1
171,4.29,10.6,26.2,57,47.2,1
163,3.64,10.49,26.2,57.1,47.2,1
160,3.8,10.47,26.3,57.1,47.2,1
160,4.27,10.41,26.3,57.2,47.2,1
221,4.5,11.57,26.4,57.4,47.2,1
111,3.72,10.45,26.4,57.7,47.2,1
166,4.04,10.43,26.4,57.6,47.2,1
233,4.76,11.71,26.5,57.6,47.2,1
241,4.97,11.89,26.5,58,47.2,1
179,4.12,10.86,26.5,58.2,47.3,1
187,4.06,10.85,26.5,58.3,47.3,1
88,3.45,10.43,26.5,58.2,47.3,1
179,4.34,10.76,26.4,57.7,47.3,1
164,3.88,10.43,26.5,57.7,47.3,1
127,3.89,10.47,26.5,57.7,47.3,1
112,3.94,10.42,26.5,57.5,47.2,1
82,3.55,10.44,26.5,57.4,47.2,1
73,3.66,10.37,26.5,57.1,47.2,1
122,3.63,10.52,26.3,56.9,47.1,1
64,3.23,10.42,26.5,56.8,47.1,1
98,3.23,10.49,26.5,56.6,47.1,1
184,4.52,10.83,26.5,56.5,47.1,1
204,4.41,11.11,26.4,56.9,47.1,1
240,4.69,11.86,26.3,57.3,47.1,1
247,4.83,11.73,26.3,57.8,47.1,1
224,4.59,11.49,26.3,58.1,47.2,1
183,4.17,10.77,26.2,58.2,47.2,1
207,4.46,11.17,26.3,58.2,47.2,1
142,3.67,10.46,26.2,58.2,47.3,1
133,3.92,10.44,26.2,58,47.2,1
227,4.79,11.36,26.1,57.8,47.2,1
173,4.32,10.52,26.1,58,47.2,1
190,4.57,10.72,26.2,58,47.2,1
196,4.54,11.02,26.2,58.1,47.2,1
171,4.41,10.48,26.2,58.1,47.2,1
167,4.2,10.47,26.3,58.1,47.2,1
168,4.2,10.44,26.3,58,47.2,1
94,3.97,10.46,26.3,58,47.1,1
44,2.87,10.45,26.4,57.6,47.1,1
117,3.39,10.51,26.4,57,47.1,1
27,2.61,10.41,26.5,56.6,47,1
83,2.94,10.45,26.5,56.3,47,1
37,2.67,10.45,26.5,56.1,47,1
81,2.73,10.49,26.5,55.8,47,1
54,2.94,10.46,26.6,55.6,47,1
55,2.96,10.44,26.6,55.5,47,1
44,2.78,10.42,26.5,55.4,47,1
67,2.75,10.44,26.6,55.2,46.9,1
63,2.81,10.46,26.6,55.1,46.9,1
45,2.76,10.48,26.6,55,46.9,1
44,2.73,10.41,26.6,54.9,46.8,1
52,3.34,10.43,2.030928,58.8,44.6,2
139,3.93,10.51,2.061856,58.7,44.5,2
176,4.45,10.81,2.092784,59.1,44.5,2
108,3.58,10.44,2.123712,59.4,44.4,2
55,2.96,10.46,2.15464,59.1,44.4,2
107,3.47,10.36,2.185568,58.6,44.3,2
108,3.42,10.37,2.216496,58.5,44.3,2
101,2.96,10.51,2.247424,58.4,44.2,2
101,3.8,10.56,2.278352,58.1,44.2,2
76,3.59,10.43,2.30928,58,44,2
190,3.47,10.89,2.340208,57.8,44,2
162,3.69,10.52,2.371136,58,44,2
119,3.3,10.46,2.402064,58,44,2
114,3.95,10.46,2.432992,58,43.9,2
188,3.94,10.81,2.46392,58.1,43.8,2
173,3.26,10.57,2.494848,58.3,43.8,2
165,4.11,10.43,2.525776,58.3,43.8,2
74,2.75,10.5,2.556704,58.3,43.8,2
239,4.31,11.6,2.587632,57.9,43.7,2
458,5.79,14.48,2.61856,58.4,43.7,2
338,5.25,13.08,2.649488,59.5,43.8,2
225,4.74,11.44,2.680416,60,43.8,2
356,5.38,13.38,2.711344,60,43.9,2
303,4.9,12.63,2.742272,60.3,44,2
248,4.66,11.95,2.7732,60.4,44,2
274,4.88,12.18,2.804128,60.4,44,2
218,4.4,11.4,2.835056,60.3,44,2
250,4.54,11.85,2.865984,60.1,44,2
232,4.41,11.54,2.896912,60.1,43.9,2
230,4.5,11.62,2.92784,60.1,43.8,2
156,4.19,10.39,2.958768,60.1,43.8,2
157,4.3,10.45,2.989696,59.7,43.8,2
271,4.63,12.2,3.020624,59.5,43.7,2
223,4.56,11.42,3.051552,59.8,43.7,2
201,4.24,11.11,3.08248,59.8,43.7,2
247,4.89,11.9,3.113408,59.8,43.6,2
390,5.54,13.71,3.144336,60,43.6,2
347,5.37,13.23,3.175264,60.5,43.7,2
282,4.73,12.34,3.206192,60.7,43.8,2
246,4.68,11.87,3.23712,60.8,43.8,2
344,5.19,13.24,3.268048,60.8,43.8,2
357,5.45,13.43,3.298976,61,43.9,2
401,5.71,13.81,3.329904,61.1,44,2
337,5.14,13.06,3.360832,61.4,44,2
308,5.05,12.73,3.39176,61.5,44.1,2
390,5.78,13.82,3.422688,61.5,44.1,2
505,6.03,15.03,3.453616,61.8,44.2,2
167,3.71,10.51,3.484544,62.3,44.3,2
241,4.4,11.67,3.515472,61.8,44.3,2
267,4.99,12.05,3.5464,61.4,44.2,2
255,4.81,11.94,3.577328,61.1,44.1,2
303,4.83,12.79,3.608256,61,44.1,2
534,6.29,15.26,3.639184,61.3,44,2
529,6.41,15.18,3.670112,62.1,44.1,2
328,4.87,12.99,3.70104,62.5,44.2,2
251,4.4,11.99,3.731968,62.2,44.2,2
429,5.66,14.17,3.762896,62,44.3,2
688,6.81,16.58,3.793824,62.2,44.2,2
488,6.45,14.79,3.824752,63,44.3,2
346,5.24,13.32,3.85568,63.3,44.4,2
88,4.09,10.27,3.886608,63,44.4,2
145,3.53,10.46,3.917536,62,44.4,2
191,4.26,10.79,3.948464,61.2,44.3,2
253,5.03,11.83,3.979392,61,44.3,2
287,5.1,12.48,4.01032,61,44.1,2
361,5.36,13.52,4.041248,61.1,44.1,2
523,6.11,15.16,4.072176,61.6,44.1,2
364,5.16,13.52,4.103104,62.2,44.1,2
468,7.01,14.59,4.134032,62.4,44.2,2
249,4.68,11.85,4.16496,62.7,44.3,2
354,5.83,13.31,4.195888,62.5,44.3,2
884,7.14,17.4,4.226816,62.5,44.3,2
566,6.34,15.5,4.257744,63.3,44.5,2
452,5.97,14.49,4.288672,63.8,44.5,2
679,6.68,16.59,4.3196,63.9,44.6,2
835,7.13,17.4,4.350528,64.3,44.7,2
537,6.19,15.31,4.381456,65,44.9,2
725,7.12,16.86,4.412384,65.2,45,2
630,6.02,16.19,4.443312,65.5,45.1,2
703,7.19,16.83,4.47424,65.8,45.3,2
711,7.07,16.73,4.505168,66,45.4,2
938,8,17.35,4.536096,66.2,45.5,2
717,6.64,16.83,4.567024,66.6,45.6,2
915,7.54,17.4,4.597952,66.7,45.8,2
708,7.02,16.88,4.62888,67,46,2
771,6.99,17.27,4.659808,67.2,46.1,2
423,5.88,14.06,4.690736,67.2,46.2,2
337,5.45,13.22,4.721664,66.5,46.3,2
373,5.14,13.56,4.752592,66,46.3,2
603,7.04,15.95,4.78352,65.8,46.2,2
342,5.09,13.21,4.814448,66.1,46.3,2
264,4.67,12.16,4.845376,65.6,46.3,2
234,5.06,11.65,4.876304,64.8,46.2,2
206,4.63,11.26,4.907232,64.2,46.1,2
346,5.41,13.28,4.93816,63.7,46,2
309,4.93,12.87,4.969088,63.7,45.9,2
315,5.32,12.76,5.000016,63.8,45.8,2
179,4.05,10.71,5.030944,63.7,45.8,2
236,3.69,11.68,5.061872,63.1,45.8,2
528,5.77,15.19,5.0928,63,45.7,2
265,5.03,12.12,5.123728,63.5,45.6,2
200,4.99,11.08,5.154656,63.4,45.6,2
440,5.82,14.27,5.185584,63,45.6,2
403,5.66,13.82,5.216512,63.3,45.6,2
298,4.97,12.65,5.24744,63.5,45.6,2
368,5.38,13.38,5.278368,63.3,45.6,2
480,5.81,14.68,5.309296,63.3,45.6,2
582,6.56,15.75,5.340224,63.6,45.6,2
406,5.55,13.97,5.371152,64.3,45.6,2
225,5.17,11.54,5.40208,64.4,45.7,2
180,4.84,10.65,5.433008,63.8,45.7,2
229,4.35,11.57,5.463936,63,45.6,2
393,5.67,13.69,5.494864,62.6,45.5,2
218,4.27,11.4,5.525792,62.8,45.5,2
769,7.87,17.29,5.55672,62.8,45.4,2
581,7.14,15.74,5.587648,63.8,45.5,2
761,8.1,17.2,5.618576,64.4,45.6,2
1104,9.12,17.34,5.649504,65.2,45.7,2
781,7.09,17.37,5.680432,66.1,45.9,2
567,6.62,15.59,5.71136,66.6,46.1,2
381,6.04,13.56,5.742288,66.6,46.2,2
680,6.65,16.57,5.773216,66.1,46.3,2
609,6.2,16,5.804144,66.4,46.4,2
710,7.21,16.82,5.835072,66.5,46.5,2
558,7.26,15.5,5.866,66.8,46.6,2
453,5.88,14.45,5.896928,66.8,46.7,2
310,5.18,12.65,5.927856,66.4,46.7,2
254,4.57,11.86,5.958784,66,46.7,2
536,6.28,15.29,5.989712,65.3,46.7,2
779,6.86,17.37,6.02064,65.3,46.6,2
626,6.57,16.08,6.051568,66,46.6,2
368,5.03,13.54,6.082496,66.4,46.8,2
356,5.48,13.34,6.113424,66.1,46.8,2
559,6.14,15.53,6.144352,65.7,46.8,2
627,6.43,16.13,6.17528,66.1,46.8,2
468,5.74,14.63,6.206208,66.5,46.9,2
327,5.29,12.99,6.237136,66.4,47,2
332,5.32,13.11,6.268064,65.9,47,2
379,5.22,13.56,6.298992,65.6,46.9,2
233,4.49,11.57,6.32992,65.5,46.9,2
184,3.91,10.61,6.360848,64.8,46.8,2
267,4.86,12.04,6.391776,64.1,46.6,2
245,4.6,11.86,6.422704,63.8,46.5,2
293,4.72,12.44,6.453632,63.8,46.4,2
146,3.92,10.41,6.48456,63.6,46.3,2
179,3.84,10.6,6.515488,63,46.2,2
111,3.59,10.48,6.546416,62.6,46.1,2
199,4.38,11.02,6.577344,62.1,46,2
275,5.26,12.31,6.608272,62.1,45.9,2
375,5.51,13.55,6.6392,62.6,45.8,2
419,5.54,14.1,6.670128,63,45.8,2
429,6.24,14.25,6.701056,63.3,45.8,2
242,5.28,11.83,6.731984,63.6,45.9,2
428,6.16,14.22,6.762912,63.5,45.9,2
344,5.33,13.27,6.79384,63.6,46,2
435,5.31,14.32,6.824768,63.7,46,2
327,5.39,12.9,6.855696,64,46.1,2
373,6.14,13.53,6.886624,64,46.1,2
299,5.49,12.61,6.917552,64,46.1,2
281,5.3,12.31,6.94848,63.8,46.1,2
301,5.16,12.62,6.979408,63.6,46.1,2
278,4.96,12.27,7.010336,63.5,46.1,2
304,4.93,12.65,7.041264,63.5,46,2
286,4.82,12.46,7.072192,63.4,46,2
313,5.28,12.82,7.10312,63.4,46,2
168,3.95,10.45,7.134048,63.4,45.9,2
211,4.42,11.22,7.164976,62.9,45.8,2
294,5.69,12.53,7.195904,62.5,45.8,2
307,5.07,12.73,7.226832,62.5,45.7,2
203,4.46,11.02,7.25776,62.8,45.7,2
168,3.63,10.55,7.288688,62.6,45.6,2
207,3.75,11.33,7.319616,62.1,45.6,2
435,5.86,14.2,7.350544,62,45.5,2
579,6.25,15.66,7.381472,62.8,45.5,2
567,6.04,15.53,7.4124,63.7,45.6,2
213,5.12,11.31,7.443328,64.3,45.7,2
397,5.18,13.92,7.474256,63.9,45.8,2
463,5.61,14.56,7.505184,63.8,45.8,2
471,5.76,14.61,7.536112,64.1,45.8,2
309,5.16,12.81,7.56704,64.3,45.9,2
200,4.3,11.12,7.597968,64,45.9,2
229,4.51,11.74,7.628896,63.5,45.8,2
340,5.2,13.17,7.659824,63.1,45.8,2
279,4.74,12.37,7.690752,63.1,45.7,2
261,4.84,12.1,7.72168,63.1,45.7,2
239,4.51,11.68,7.752608,63.1,45.7,2
228,4.37,11.54,7.783536,62.9,45.6,2
180,3.61,10.72,7.814464,62.6,45.6,2
207,4.78,11.28,7.845392,62.2,45.5,2
532,6.3,15.22,7.87632,62.1,45.3,2
443,5.42,14.38,7.907248,62.6,45.4,2
626,6.03,16.12,7.938176,63.3,45.5,2
362,6.31,13.41,7.969104,64,45.6,2
577,6.5,15.67,8.000032,64.2,45.6,2
305,5.6,12.79,0,64.5,45.8,2
350,5.53,13.3,0,64.4,45.8,2
515,6.31,15.09,0,64.4,45.9,2
444,5.68,14.35,0,64.8,46,2
428,6.09,14.19,0,64.9,46,2
371,5.46,13.53,0,65,46.1,2
195,4.65,11.02,0,64.7,46.1,2
197,4.37,11.07,0,64.1,46,2
232,4.8,11.48,0,63.5,46,2
358,5.47,13.38,0,63.3,45.9,2
296,5.01,12.56,0,63.5,45.9,2
216,4.23,11.34,0,63.5,45.8,2
450,6.11,14.29,0,63.2,45.8,2
589,6.68,15.69,0,63.6,45.8,2
351,5.92,13.25,0,64.3,45.8,2
479,6.29,14.7,0,64.3,45.9,2
269,4.66,12.27,0,64.3,45.9,2
261,4.95,12.03,0,64,46,2
304,5.18,12.67,0,63.8,46,2
184,4.34,10.74,0,63.5,45.8,2
557,6.07,15.41,0,63.2,45.8,2
410,6.82,14.07,0,64.2,45.9,2
420,6.65,14.06,0,64.6,46,2
212,4.51,11.37,0,64.8,46,2
146,3.82,10.5,0,64.3,46.1,2
169,3.47,10.58,0,63.5,46,2
737,7,16.98,0,63.2,45.9,2
455,6.42,14.48,0,64.3,46,2
435,6.39,14.28,0,64.9,46,2
545,6.38,15.42,0,65.2,46.1,2
360,5.49,13.44,0,65.5,46.2,2
262,4.63,12.07,0,65.3,46.3,2
275,4.96,12.35,0,64.7,46.2,2
281,4.86,12.26,0,64.2,46.2,2
237,4.79,11.77,0,64,46.1,2
442,5.83,14.33,0,63.8,46,2
548,6.53,15.46,0,64,46,2
497,5.7,14.93,0,64.5,46.1,2
393,5.41,13.81,0,64.9,46.1,2
279,4.9,12.22,0,65,46.2,2
211,4.29,11.26,0,64.5,46.2,2
142,4.05,10.54,0,63.7,46.1,2
104,4.09,10.42,0,63,46,2
205,4.02,11.18,0,62.5,45.9,2
397,5.4,13.89,0,62.6,45.8,2
267,4.93,12.07,0,63.1,45.8,2
431,5.24,14.22,0,63.3,45.8,2
539,6.16,15.33,0,63.8,45.9,2
541,6.43,15.29,0,64.2,46,2
534,6.32,15.28,0,64.6,46,2
458,5.95,14.57,0,65,46.1,2
389,5.29,13.68,0,65.1,46.1,2
281,5.05,12.27,0,64.9,46.3,2
260,4.64,12.02,0,64.3,46.2,2
373,5.27,13.59,0,64,46.2,2
331,5.42,12.97,0,63.9,46.1,2
349,4.97,13.2,0,63.8,46.1,2
455,5.72,14.56,0,63.9,46.2,2
208,4.01,11.23,0,64,46.1,2
348,5.3,13.28,0,63.6,46.1,2
237,4.86,11.71,0,63.5,46.1,2
186,4.79,10.72,0,63.2,46,2
147,4.57,10.42,0,62.7,46,2
249,4.73,11.82,0,62.3,45.8,2
107,3.13,10.51,0,62.4,45.8,2
144,3.65,10.5,0,61.8,45.8,2
269,5.01,12.21,0,61.4,45.6,2
483,6.28,14.79,0,61.7,45.6,2
264,4.82,12.16,0,62.4,45.6,2
341,5.06,13.19,0,62.4,45.6,2
277,4.61,12.32,0,62.5,45.6,2
422,6.03,14.1,0,62.6,45.6,2
412,5.7,14.02,0,63.1,45.7,2
152,3.9,10.44,0,63.3,45.8,2
106,3.13,10.55,0,62.7,45.7,2
285,4.69,12.42,0,61.9,45.6,2
317,5.06,12.82,0,62,45.6,2
217,4.78,11.31,0,62.3,45.6,2
299,5.21,12.49,0,62.2,45.6,2
224,4.61,11.49,0,62.2,45.6,2
190,4.02,10.68,0,62.1,45.6,2
252,4.95,11.98,0,61.9,45.5,2
82,3.6,10.38,0,61.8,45.5,2
274,4.92,12.18,0,61.4,45.4,2
273,4.77,12.15,0,61.5,45.3,2
301,5.35,12.63,0,61.6,45.3,2
173,4.36,10.53,0,61.6,45.3,2
258,5.57,11.98,0,61.4,45.2,2
218,4.51,11.31,0,61.5,45.1,2
233,4.46,11.64,0,61.5,45.1,2
72,3.65,10.46,0,61.3,45.1,2
98,3.28,10.49,0,60.8,45,2
380,5.97,13.51,0,60.5,45,2
242,4.73,11.79,0,61,45,2
352,5.29,13.33,0,61.3,45,2
440,6.11,14.29,0,61.6,45,2
295,5.23,12.51,0,62.1,45.1,2
177,4.61,10.62,0,62.1,45.1,2
272,5.05,12.21,0,61.8,45.1,2
260,5.06,12.02,0,61.7,45.1,2
319,4.98,12.97,0,61.7,45.1,2
202,4.35,11.06,0,61.9,45.1,2
66,3.17,10.41,0,61.5,45,2
33,2.12,10.43,0,60.6,45,2
211,4.54,11.25,0,59.6,44.9,2
183,4.65,10.68,0,59.8,44.9,2
177,4.11,10.65,0,60,44.8,2
175,5.09,10.51,0,60,44.8,2
66,3.74,10.41,0,59.7,44.7,2
185,4.42,10.85,0,59.3,44.7,2
74,3.3,10.39,0,59.3,44.6,2
114,4.07,10.23,0,58.8,44.5,2
70,4.22,10.37,0,58.5,44.5,2
186,4.51,10.86,0,58.5,44.5,2
269,5.89,12.25,0,58.9,44.4,2
190,4.86,10.77,0,59.3,44.4,2
233,4.71,11.62,0,59.5,44.4,2
63,2.61,10.53,0,59.6,44.4,2
64,2.65,10.54,0,59,44.3,2
251,5.09,12.06,0,58.6,44.3,2
208,4.45,11.14,0,59.1,44.3,2
170,4.22,10.55,0,59.3,44.3,2
256,5.01,12,0,59.5,44.3,2
204,4.42,11.13,0,59.6,44.3,2
189,4.26,10.78,0,59.6,44.3,2
247,4.69,11.83,0,59.6,44.3,2
359,6.02,13.42,0,59.7,44.3,2
410,5.75,14,0,60.2,44.3,2
419,6.6,14.12,0,60.8,44.4,2
432,7.02,14.21,0,61.4,44.5,2
424,5.8,14.2,0,61.8,44.6,2
286,4.66,12.41,0,62.1,44.8,2
225,4.33,11.54,0,62,44.8,2
51,3.31,10.46,0,61.3,44.8,2
160,4.05,10.6,0,60.1,44.8,2
90,3.95,10.41,0,59.7,44.7,2
84,3.31,10.45,0,59.3,44.6,2
214,4.4,11.18,0,58.8,44.6,2
606,6.47,15.9,0,59.1,44.5,2
490,6.5,14.83,0,60.5,44.6,2
366,5.32,13.47,0,61.3,44.7,2
303,5.24,12.67,0,61.6,44.8,2
165,4.24,10.44,0,61.5,44.9,2
123,3.84,10.35,0,61,44.9,2
165,3.99,10.44,0,60.4,44.9,2
219,4.82,11.48,0,60,44.8,2
155,4.03,10.42,0,60,44.8,2
122,3.77,10.52,0,59.7,44.7,2
466,6.05,14.6,0,59.5,44.6,2
459,5.87,14.56,0,60.1,44.6,2
493,6.62,14.87,0,61,44.8,2
277,4.99,12.31,0,61.7,44.8,2
198,3.87,11.05,0,61.6,45,2
288,4.7,12.37,0,61.2,44.9,2
284,4.96,12.47,0,61.1,45,2
264,5.45,12.06,0,61.1,44.9,2
229,4.67,11.58,0,61,44.9,2
189,4.26,10.89,0,60.8,44.8,2
304,5.06,12.67,0,60.6,44.8,2
288,5.06,12.55,0,60.7,44.8,2
335,5.4,13.17,0,61,44.8,2
316,5.01,12.85,0,61.2,44.9,2
232,4.59,11.48,0,61.4,45,2
97,2.89,10.51,0,61.1,45,2
170,4.15,10.59,0,60.3,45,2
201,4.37,11.16,0,60.1,44.9,2
219,4.27,11.43,0,60,44.8,2
247,4.87,11.91,0,60.1,44.8,2
20,2.59,10.4,0,60.1,44.7,2
95,2.88,10.47,0,59.3,44.6,2
177,2.84,10.65,0,58.5,44.6,2
132,3.38,10.57,0,58.5,44.5,2
278,5.3,12.33,0,58.5,44.5,2
271,5.05,12.24,0,59.1,44.5,2
43,3.81,10.29,0,59.5,44.5,2
171,3.97,10.52,0,59.1,44.5,2
152,4.34,10.42,0,58.9,44.4,2
249,4.87,11.9,0,58.8,44.4,2
347,5.53,13.29,0,59.3,44.4,2
281,5.09,12.48,0,60,44.5,2
179,4.03,10.68,0,60.2,44.5,2
177,3.99,10.5,0,60,44.5,2
212,4.58,11.18,0,59.6,44.5,2
39,3.35,10.35,0,59.5,44.5,2
57,2.88,10.43,0,58.9,44.4,2
51,2.89,10.47,0,58.3,44.4,2
81,3.09,10.49,0,57.7,44.3,2
187,4.38,10.93,0,57.5,44.3,2
185,3.88,10.77,0,57.9,44.3,2
187,4.24,10.92,0,58.1,44.2,2
174,4.1,10.55,0,58.4,44.2,2
162,4.29,10.43,0,58.5,44.1,2
69,3.45,10.39,0,58.5,44.1,2
223,5.02,11.48,0,58.3,44.1,2
163,4.6,10.46,0,58.6,44.1,2
191,4.47,10.86,0,58.5,44.1,2
229,4.4,11.45,0,58.5,44.1,2
234,4.67,11.69,0,58.8,44.1,2
109,3.73,10.36,0,59,44.1,2
57,3.17,10.4,0,58.6,44.1,2
185,4,10.65,0,58,44.1,2
232,4.68,11.69,0,58.1,44,2
217,4.66,11.4,0,58.5,44,2
204,4.97,11.14,0,58.8,44.1,2
197,4.41,10.99,0,58.9,44.1,2
142,4.38,10.49,0,58.9,44.1,2
71,3.18,10.42,0,58.5,44.1,2
118,3.79,10.28,0,58.2,44,2
222,4.6,11.37,0,58.1,44,2
103,3.01,10.54,0,58.2,44,2
171,4.27,10.58,0,58,44,2
95,3.14,10.46,0,58,44,2
61,3.62,10.43,0,57.8,44,2
63,2.88,10.43,0,57.3,44,2
74,2.86,10.42,0,56.8,44,2
117,3.79,10.4,0,56.6,43.9,2
113,3.8,10.36,0,56.8,43.8,2
138,3.49,10.39,0,56.9,43.8,2
168,4.86,10.44,0,56.9,43.8,2
228,5.49,11.54,0,57.1,43.8,2
217,4.86,11.47,0,57.5,43.8,2
163,4.17,10.49,0,57.8,43.8,2
142,3.7,10.57,0,57.6,43.8,2
123,3.99,10.46,0,57.5,43.8,2
187,4.04,10.95,0,57.4,43.8,2
86,3.04,10.46,0,57.5,43.8,2
111,3.54,10.5,0,57.1,43.8,2
215,4.92,11.3,0,57,43.8,2
306,5.52,12.6,0,57.4,43.8,2
201,4.28,11.03,0,57.9,43.8,2
233,4.74,11.64,0,58,43.8,2
198,4.15,10.9,0,58.1,43.9,2
204,4.43,11.08,0,58.1,43.9,2
163,3.85,10.5,0,58.1,43.8,2
204,4.45,10.97,0,57.9,43.9,2
54,3.04,10.43,0,57.8,43.9,2
10,2.43,10.43,0,57.2,43.9,2
96,3.34,10.49,0,56.5,43.9,2
89,3.84,10.48,0,56.3,43.8,2
115,2.62,10.53,0,56.2,43.8,2
182,3.72,10.73,0,56.1,43.8,2
238,4.86,11.65,0,56.5,43.8,2
188,4.14,10.73,0,56.9,43.9,2
239,4.9,11.79,0,57.1,43.9,2
263,4.93,12,0,57.6,43.9,2
204,4.28,11.26,0,57.8,43.9,2
320,4.91,12.84,0,58.1,44,2
269,4.89,12.12,0,58.5,44,2
169,4.12,10.6,0,58.6,44.1,2
285,4.82,12.42,0,58.5,44.1,2
108,3.6,10.41,0,58.6,44.2,2
195,4.57,11.05,0,58.1,44.2,2
99,3.36,10.42,0,57.9,44.1,2
51,2.64,10.5,0,57.4,44.1,2
169,3.53,10.66,0,56.7,44.1,2
216,4.8,11.42,0,56.6,44.1,2
285,5.12,12.43,0,57.2,44.1,2
270,4.73,12.24,0,57.7,44.1,2
242,4.83,11.8,0,58.1,44.2,2
158,3.75,10.43,0,58.1,44.2,2
108,2.66,10.5,0,57.8,44.2,2
112,3.59,10.45,0,57.2,44.2,2
170,4.23,10.56,0,57,44.1,2
171,4.4,10.68,0,57,44.1,2
105,3.47,10.39,0,57,44.1,2
54,2.75,10.46,0,56.6,44.1,2
119,3.4,10.44,0,56.1,44.1,2
72,2.45,10.52,0,55.8,44,2
82,3.29,10.44,0,55.6,44,2
88,3.08,10.44,0,55.3,44,2
85,3.69,10.41,0,55.2,44,2
89,3.33,10.48,0,55.3,44,2
166,3.56,10.46,0,55.2,44,2
87,4.37,10.44,0,55.5,44,2
54,2.98,10.38,0,55.5,44,2
117,3.59,10.51,0,55.2,43.9,2
115,3.48,10.46,0,55.3,43.9,2
166,3.91,10.43,0,55.2,43.9,2
98,3.76,10.31,0,55.5,43.9,2
143,3.5,10.44,0,55.7,43.9,2
129,3.76,10.45,0,55.7,43.8,2
118,3.73,10.45,0,55.8,43.8,2
58,3.11,10.43,0,55.6,43.8,2
190,4.53,10.85,0,55.4,43.8,2
60,3.14,10.51,0,55.6,43.8,2
190,4.35,10.82,0,55.6,43.8,2
174,4.13,10.5,0,55.8,43.8,2
106,4.28,10.28,0,56,43.8,2
118,3.18,10.48,0,55.9,43.8,2
119,4.05,10.4,0,55.6,43.8,2
38,2.72,10.46,0,55.4,43.8,2
80,2.47,10.51,0,55,43.8,2
58,2.79,10.46,0,54.7,43.7,2
86,3.29,10.44,0,54.6,43.7,2
74,3.16,10.46,0,54.6,43.7,2
101,3.08,10.45,0,54.6,43.7,2
81,3.03,10.45,0,54.6,43.7,2
90,3.02,10.44,0,54.5,43.7,2
92,2.77,10.49,0,54.5,43.7,2
68,2.96,10.45,0,54.5,43.7,2
74,3.05,10.45,0,54.4,43.6,2
72,3.07,10.45,0,54.4,43.6,2
93,3.04,10.44,0,54.3,43.6,2
102,2.95,10.47,0,54.3,43.6,2
93,3.27,10.44,0,54.2,43.6,2
113,3.12,10.47,0,54.2,43.6,2
89,3.3,10.44,0,54.2,43.6,2
1550,10.89,17.35,5.29,70.6,79.8,0
1552,10.8,17.38,5.81,70.6,79.4,0
1533,10.91,17.48,4.98,70.6,79.1,0
1548,11.06,17.36,4.96,70.7,78.6,0
1544,11.18,17.48,6.03,70.6,78.3,0
1527,11.18,17.4,5.55,70.6,78,0
1534,11.82,17.49,8.2,70.7,77.6,0
1536,11,17.37,7.19,70.7,77.3,0
1541,10.97,17.44,7.62,70.7,77,0
1540,10.9,17.54,8.21,70.8,76.6,0
1528,11.49,17.43,7.69,70.7,76.3,0
1547,11.89,17.35,6.86,70.8,76,0
1542,11.68,17.42,7.1,70.7,75.6,0
1552,11.66,17.38,5.87,70.7,75.3,0
1542,11.46,17.36,5.72,70.7,75,0
1542,11.76,17.38,7.04,70.7,74.7,0
1534,10.55,17.43,6.19,70.7,74.5,0
1533,10.81,17.37,6.56,70.8,74.1,0
1549,11.21,17.34,7.93,70.8,73.9,0
1532,11.85,17.19,6.35,70.8,73.6,0
1542,11.42,17.37,6.4,70.8,73.4,0
1547,11.8,17.48,7.24,70.8,73.2,0
1544,11.9,17.32,6.59,70.8,73,0
1539,11.27,17.48,7.95,70.8,72.8,0
1526,11.39,17.47,8.11,70.8,72.5,0
1534,10.99,17.36,5.91,70.8,72.3,0
1533,11.12,17.47,8.83,70.8,72.1,0
1556,12.06,17.4,7.17,70.8,72,0
1528,12.09,17.4,7.56,70.8,71.8,0
1541,12.01,17.38,7.91,70.7,71.5,0
1541,11.86,17.39,8.56,70.7,71.4,0
1533,11.29,17.46,8.35,70.8,71.3,0
1547,11.36,17.48,9.27,70.8,71.1,0
1541,11.47,17.35,7.91,70.8,70.9,0
1529,11.85,17.39,6.71,70.8,70.8,0
1544,12.06,17.35,6.52,70.8,70.6,0
1535,11.68,17.4,6.63,70.8,70.6,0
1539,11.19,17.44,7.55,70.8,70.4,0
1546,11.4,17.33,7.24,70.8,70.3,0
1559,11.16,17.49,7.24,70.8,70.2,0
1555,11.81,17.5,6.53,70.8,70.1,0
1527,11.9,17.27,5.19,70.8,70,0
1541,12.07,17.35,6.9,70.7,69.9,0
1534,11.49,17.33,7.53,70.7,69.8,0
212,4.67,11.31,25.3,61.8,50.9,1
215,4.31,11.25,25.3,61.8,50.9,1
113,3.48,10.45,25.3,61.7,50.9,1
94,3.17,10.47,25.3,61.3,50.8,1
132,3.34,10.48,25.1,60.8,50.7,1
113,3.46,10.42,25.2,60.5,50.6,1
112,3.97,10.38,25.1,60.3,50.5,1
123,3.98,10.36,25.1,60.1,50.3,1
119,3.67,10.48,25.1,60.1,50.2,1
119,4.34,10.41,25.1,60.1,50.1,1
100,3.42,10.46,25.1,60,50.1,1
74,3.13,10.44,25.1,59.6,50,1
88,3.44,10.4,25.1,59.3,49.8,1
68,3.18,10.44,25.1,59.2,49.8,1
109,3.66,10.49,25.1,59,49.7,1
101,3.29,10.46,25.1,59,49.6,1
114,3.55,10.42,25.1,58.9,49.6,1
171,4.05,10.48,25.1,58.9,49.5,1
212,4.68,11.18,25.1,59,49.5,1
221,4.64,11.49,25.1,59.5,49.4,1
224,4.72,11.44,25,59.8,49.5,1
259,5.32,12.09,25.1,60.1,49.5,1
224,4.91,11.48,25,60.4,49.4,1
275,5.15,12.22,25,60.6,49.5,1
278,5.4,12.3,25,60.8,49.5,1
295,5.5,12.6,25,61.1,49.6,1
263,5.21,12.04,25,61.3,49.7,1
226,4.97,11.51,25,61.3,49.7,1
274,5.12,12.18,25,61.3,49.8,1
273,5.09,12.33,25,61.4,49.7,1
305,5.09,12.72,25,61.5,49.8,1
277,5.3,12.25,24.9,61.8,49.8,1
300,5.52,12.63,25,61.8,50,1
271,5.07,12.18,24.9,61.8,50.1,1
325,5.26,12.97,24.9,61.9,50.1,1
289,5.45,12.53,24.9,62,50.2,1
185,4.23,10.89,24.9,62,50.2,1
208,4.4,11.15,24.9,61.6,50.1,1
264,5,12.13,24.9,61.5,50.1,1
275,5.11,12.21,24.9,61.5,50.1,1
248,5.06,11.82,24.9,61.6,50.1,1
234,4.74,11.6,24.9,61.6,50,1
189,4.62,10.96,24.9,61.5,50,1
239,4.94,11.7,24.9,61.3,50,1
146,4.07,10.46,24.9,61.3,49.9,1
148,3.6,10.58,24.9,60.9,49.8,1
172,4.38,10.55,24.9,60.5,49.6,1
151,3.79,10.48,24.9,60.5,49.5,1
162,3.77,10.47,24.9,60.3,49.4,1
168,4.06,10.46,24.9,60.1,49.3,1
136,3.93,10.45,24.9,60,49.2,1
108,3.16,10.45,24.9,59.8,49.1,1
103,2.88,10.49,24.8,59.5,49,1
115,3.3,10.45,24.9,59.1,49,1
84,2.82,10.45,24.8,58.9,48.9,1
150,3.88,10.43,24.8,58.6,48.8,1
96,3.33,10.57,24.8,58.7,48.7,1
154,3.74,10.47,24.8,58.6,48.6,1
167,3.64,10.52,24.8,58.6,48.6,1
183,4.37,10.69,24.8,58.8,48.5,1
136,3.99,10.35,24.8,59,48.5,1
124,3.71,10.4,24.8,58.9,48.4,1
173,3.42,10.62,24.8,58.8,48.3,1
204,4.28,11.13,24.8,59,48.3,1
177,4.15,10.6,24.8,59.3,48.3,1
205,4.37,11.06,24.8,59.3,48.3,1
116,3.65,10.54,24.7,59.4,48.3,1
134,3.9,10.42,24.7,59.3,48.2,1
127,3.9,10.44,24.7,59.1,48.1,1
92,3.47,10.48,24.7,58.9,48.1,1
96,2.95,10.46,24.7,58.5,48.1,1
91,3.44,10.44,24.6,58.3,48,1
121,3.63,10.46,24.6,58.1,48,1
164,4.04,10.51,24.6,58.1,47.9,1
169,4.21,10.48,24.7,58.3,47.9,1
162,4.17,10.44,24.6,58.4,47.8,1
156,3.81,10.51,24.6,58.5,47.8,1
174,4.17,10.48,24.6,58.5,47.7,1
128,4.04,10.36,24.6,58.5,47.7,1
116,2.94,10.5,24.6,58.4,47.6,1
127,3.51,10.48,24.7,58.1,47.6,1
140,3.48,10.5,24.7,58.1,47.6,1
106,3.45,10.45,24.7,58,47.5,1
130,3.07,10.56,24.7,57.8,47.5,1
150,4.01,10.48,24.7,57.7,47.4,1
175,4.24,10.65,24.8,57.9,47.5,1
275,4.97,12.29,24.8,58.1,47.4,1
212,4.28,11.18,24.8,58.6,47.4,1
176,3.77,10.56,24.7,58.8,47.5,1
194,4.4,10.92,24.7,58.8,47.5,1
272,5.35,12.21,24.7,58.9,47.5,1
230,4.21,11.55,24.7,59.2,47.5,1
228,4.73,11.55,24.7,59.4,47.5,1
214,4.14,11.31,24.7,59.5,47.5,1
212,4.62,11.26,24.7,59.5,47.5,1
176,3.98,10.55,24.6,59.5,47.5,1
155,4.01,10.42,24.6,59.3,47.5,1
173,4.03,10.51,24.6,59.1,47.5,1
185,4.2,10.77,24.6,59,47.4,1
201,4.31,10.97,24.7,59,47.4,1
201,4.41,11,24.6,59.1,47.3,1
190,4.16,10.85,24.6,59,47.3,1
181,4.4,10.85,24.7,59,47.3,1
195,3.91,10.99,24.6,59.1,47.3,1
186,4.27,10.82,24.6,59.1,47.3,1
234,4.75,11.57,24.6,59,47.3,1
222,4.29,11.41,24.6,59.1,47.3,1
309,5.4,12.79,24.6,59.3,47.3,1
325,5.02,12.87,24.6,59.6,47.4,1
257,4.35,11.95,24.6,60.1,47.5,1
318,5.27,12.94,24.6,60.2,47.6,1
349,5.16,13.24,24.6,60.5,47.6,1
266,4.9,12.05,24.6,60.8,47.8,1
238,4.98,11.69,24.6,60.9,47.9,1
194,4.22,10.92,24.6,60.7,48,1
234,4.9,11.69,24.6,60.5,48,1
211,4.32,11.26,24.6,60.5,48,1
205,4.34,11.2,24.6,60.3,47.9,1
227,4.52,11.46,24.6,60.1,47.8,1
162,3.99,10.43,24.6,60.1,47.8,1
202,4.43,11.01,24.6,59.9,47.8,1
179,4.57,10.62,24.5,59.8,47.7,1
258,4.85,11.79,24.5,59.7,47.6,1
285,5.24,12.47,24.5,59.8,47.6,1
229,4.39,11.55,24.5,60.1,47.6,1
209,4.4,11.23,24.5,60.1,47.6,1
378,5.6,13.59,24.6,60.1,47.6,1
274,4.94,12.21,24.5,60.6,47.6,1
230,4.52,11.64,24.6,60.8,47.7,1
452,5.98,14.42,24.6,60.8,47.8,1
425,5.82,14.1,24.6,61.3,47.8,1
272,4.82,12.28,24.5,61.7,48.1,1
280,4.97,12.32,24.5,61.6,48.2,1
239,4.56,11.83,24.5,61.5,48.3,1
380,5.75,13.71,24.6,61.4,48.3,1
362,5.16,13.53,24.6,61.6,48.5,1
335,5.17,13.07,24.6,61.9,48.8,1
362,5.23,13.3,24.6,62,49,1
371,5.17,13.51,24.5,62.1,49.3,1
365,5.38,13.46,24.5,62.3,49.6,1
316,5.51,12.94,24.5,62.5,49.8,1
348,5.17,13.25,24.5,62.5,50,1
347,5.1,13.19,24.5,62.5,50.2,1
302,4.82,12.74,24.5,62.5,50.3,1
312,5.51,12.91,24.5,62.4,50.4,1
206,4.1,11.14,24.5,62.2,50.5,1
285,5.39,12.51,24.5,62,50.5,1
288,4.82,12.5,24.6,62,50.5,1
259,4.7,11.89,24.5,62,50.4,1
180,3.82,10.66,24.5,61.8,50.4,1
189,4.01,10.83,24.4,61.5,50.2,1
223,4.68,11.6,24.5,61.2,50.1,1
246,4.5,11.74,24.4,61.2,50,1
233,4.55,11.59,24.5,61.2,49.9,1
267,4.72,12.06,24.5,61.2,49.8,1
237,4.6,11.73,24.6,61.2,49.8,1
237,4.71,11.67,24.5,61.2,49.8,1
302,5.32,12.62,24.6,61.2,49.8,1
290,4.93,12.56,24.6,61.4,49.8,1
345,5.47,13.33,24.6,61.6,50,1
335,4.94,13.05,24.6,61.9,50.2,1
355,5.87,13.32,24.6,62,50.3,1
276,4.75,12.37,24.6,62.3,50.5,1
341,5.81,13.23,24.6,62.3,50.6,1
308,5.19,12.8,24.6,62.4,50.7,1
237,4.49,11.56,24.7,62.4,50.9,1
276,5.32,12.26,24.6,62.2,50.8,1
211,4.21,11.19,24.6,62,50.8,1
258,4.84,11.97,24.7,61.7,50.6,1
186,4.26,10.84,24.7,61.6,50.5,1
170,3.65,10.51,24.6,61.5,50.5,1
234,4.8,11.62,24.6,61.1,50.3,1
214,4.51,11.34,24.6,61.2,50.2,1
187,4.14,10.93,24.6,61.2,50.1,1
210,4.21,11.29,24.6,61.1,50.1,1
177,3.78,10.54,24.6,61,50,1
175,4.37,10.64,24.6,60.8,49.9,1
170,3.85,10.51,24.6,60.6,49.7,1
242,4.69,11.9,24.6,60.4,49.6,1
269,5.02,12.21,24.8,60.6,49.5,1
192,4.1,10.79,24.6,61,49.5,1
214,4.58,11.25,24.6,60.9,49.5,1
345,5.62,13.3,24.7,60.8,49.5,1
281,4.97,12.34,24.8,61.3,49.6,1
200,4.65,11.06,24.7,61.4,49.6,1
230,4.41,11.5,24.7,61.3,49.6,1
282,4.76,12.34,24.8,61.2,49.6,1
183,4.41,10.85,24.7,61.2,49.6,1
176,3.7,10.61,24.6,61,49.5,1
172,4.21,10.75,24.7,60.8,49.4,1
134,3.9,10.45,24.7,60.6,49.3,1
172,4.01,10.53,24.7,60.4,49.2,1
295,5.04,12.46,24.8,60.3,49.1,1
275,5.03,12.22,24.8,60.5,49,1
268,4.95,12.09,24.7,60.8,49,1
226,4.58,11.59,24.8,60.9,49,1
312,4.97,12.72,24.8,61,49,1
193,4.39,10.92,24.7,61.2,49,1
173,4.04,10.48,24.7,61,49.1,1
178,4.17,10.7,24.7,60.7,49,1
208,4.38,11.24,24.8,60.5,48.9,1
270,4.32,12.16,24.8,60.6,48.8,1
228,4.69,11.6,24.8,60.8,48.9,1
172,3.88,10.59,24.8,60.8,48.9,1
291,5.48,12.55,24.8,60.6,48.8,1
235,4.51,11.64,24.7,60.8,48.8,1
202,4.54,11.19,24.7,60.9,48.8,1
258,4.78,12.08,24.8,60.8,48.8,1
209,4.14,11.21,24.7,60.8,48.8,1
252,4.93,11.88,24.8,60.8,48.8,1
173,4.03,10.73,24.8,60.9,48.8,1
219,4.25,11.33,24.7,60.7,48.6,1
196,4.15,10.85,24.8,60.6,48.6,1
235,4.64,11.65,24.8,60.6,48.6,1
267,4.92,12.14,24.8,60.6,48.6,1
209,4.27,11.19,24.8,60.8,48.6,1
235,4.7,11.69,24.8,60.7,48.5,1
227,4.37,11.42,24.8,60.9,48.5,1
205,4.45,11.13,24.8,60.9,48.5,1
222,4.82,11.56,24.8,60.8,48.5,1
242,4.37,11.8,24.8,60.8,48.5,1
274,4.85,12.21,24.8,60.8,48.5,1
222,4.47,11.49,24.8,61,48.5,1
235,4.68,11.5,24.8,61,48.4,1
243,4.58,11.74,24.8,60.8,48.4,1
93,3.59,10.51,24.8,60.8,48.4,1
206,4.83,11.06,24.8,60.4,48.3,1
332,5.57,13,24.8,60.3,48.3,1
279,4.64,12.32,24.8,60.6,48.3,1
226,4.02,11.6,24.8,60.9,48.3,1
206,4.24,11.25,24.8,61,48.3,1
152,2.98,10.54,24.8,60.8,48.3,1
129,3.31,10.46,24.8,60.2,48.2,1
215,4.59,11.35,24.8,60,48.1,1
182,4.41,10.72,24.8,60.1,48.1,1
198,4.43,11.2,24.8,60.1,48.1,1
263,4.64,12.14,24.8,60.1,48.1,1
263,5.01,12.14,24.8,60.4,48.1,1
265,5.02,12.11,24.8,60.6,48.1,1
178,3.87,10.61,24.8,60.6,48.1,1
176,4.16,10.73,24.7,60.5,48.1,1
233,4.92,11.66,24.8,60.3,48.1,1
211,4.45,11.15,24.8,60.2,48.1,1
186,4.18,10.8,24.8,60.2,48,1
230,4.62,11.52,24.8,60.1,48,1
169,3.87,10.56,24.8,60.1,48,1
205,4.38,11.1,24.8,60,47.9,1
181,4,10.75,24.8,60,47.8,1
170,3.95,10.49,24.8,59.9,47.8,1
192,4.36,10.95,24.8,59.8,47.8,1
186,4.13,10.77,24.7,59.8,47.7,1
174,3.72,10.53,24.8,59.7,47.6,1
125,3.88,10.38,24.8,59.5,47.6,1
180,3.87,10.57,24.8,59.3,47.6,1
174,4.18,10.74,24.7,59.3,47.5,1
177,3.87,10.68,24.7,59.3,47.5,1
164,4.05,10.53,24.8,59.3,47.5,1
167,3.69,10.51,24.8,59.2,47.3,1
195,4.22,10.94,24.8,59.2,47.3,1
123,3.6,10.49,24.7,59.3,47.3,1
89,3.34,10.5,24.7,59.1,47.3,1
147,3.86,10.39,24.8,58.9,47.2,1
188,4.18,10.97,24.8,58.9,47.2,1
207,4.44,11.09,24.8,59,47.2,1
99,3.48,10.42,24.8,59.1,47.2,1
164,3.37,10.48,24.8,58.6,47.1,1
176,4.02,10.61,24.7,58.5,47.1,1
140,4.25,10.37,24.8,58.6,47.1,1
187,4.13,10.66,24.8,58.6,47,1
154,3.93,10.42,24.8,58.6,47,1
99,3.33,10.5,24.8,58.5,47,1
47,2.58,10.45,24.8,58.1,46.9,1
114,3.56,10.44,24.8,57.6,46.8,1
168,4.25,10.51,25,57.5,46.8,1
114,3.53,10.38,24.9,57.6,46.8,1
150,3.81,10.43,24.9,57.6,46.8,1
150,3.86,10.42,24.9,57.6,46.8,1
110,3.74,10.45,24.8,57.7,46.6,1
141,3.67,10.43,24.8,57.6,46.6,1
106,3.46,10.39,24.8,57.6,46.6,1
80,3,10.38,24.8,57.4,46.6,1
170,4.03,10.45,24.9,57.1,46.5,1
196,4.55,11.17,25.1,57.3,46.5,1
213,4.45,11.25,25.1,57.6,46.5,1
282,5.09,12.45,25.1,58,46.6,1
209,4.28,11.12,25,58.5,46.6,1
109,3.96,10.43,24.9,58.6,46.6,1
169,3.96,10.55,24.8,58.3,46.6,1
195,4.36,10.94,24.9,58.2,46.6,1
196,4.3,11.07,24.9,58.3,46.6,1
187,4.18,10.73,24.9,58.4,46.6,1
168,3.74,10.46,24.9,58.4,46.6,1
165,3.69,10.53,24.8,58.2,46.6,1
224,4.42,11.44,24.9,58.1,46.6,1
130,3.77,10.44,24.8,58.2,46.6,1
213,4.64,11.08,24.9,58.1,46.6,1
97,3.55,10.34,24.8,58.1,46.6,1
134,3.53,10.39,24.8,57.8,46.5,1
89,2.83,10.49,24.8,57.5,46.5,1
102,3.27,10.48,24.8,57.1,46.5,1
118,3.49,10.46,24.8,56.9,46.4,1
125,3.39,10.51,25,56.8,46.4,1
162,3.98,10.43,25,56.8,46.4,1
150,4.04,10.49,24.9,56.9,46.3,1
175,4.05,10.6,25,57.1,46.3,1
85,3.24,10.44,24.8,57.2,46.3,1
181,3.97,10.6,25,57,46.3,1
154,3.96,10.47,25,57.1,46.3,1
114,3.59,10.42,24.8,57.2,46.2,1
110,3.57,10.39,24.8,57.1,46.3,1
149,3.63,10.46,24.9,57,46.2,1
103,3.41,10.37,24.9,56.8,46.2,1
119,3.57,10.46,24.9,56.8,46.1,1
206,4.53,11.14,25.1,56.7,46.1,1
207,4.46,11.17,25.1,57,46.1,1
130,3.58,10.42,25,57.3,46.1,1
172,3.92,10.52,25,57.1,46.1,1
130,4.18,10.45,25.1,57.1,46.1,1
120,3.65,10.47,25,57,46.1,1
132,3.83,10.45,25,56.8,46,1
110,3.51,10.42,25,56.8,46,1
166,3.38,10.57,25,56.6,46,1
173,4.08,10.6,25.3,56.6,46,1
101,3.23,10.39,25.1,56.8,46,1
167,4.01,10.44,25.2,56.8,46,1
172,4.02,10.58,25.3,56.9,45.9,1
173,4.06,10.49,25.1,57,45.9,1
170,4.17,10.45,25.3,57.1,45.9,1
172,4.38,10.64,25.3,57.1,45.9,1
179,4.14,10.56,25.1,57.1,45.9,1
106,3.66,10.38,25.1,57.2,45.9,1
75,3.05,10.44,25.1,56.9,45.8,1
155,4.37,10.42,25.2,56.6,45.8,1
126,3.39,10.52,25.1,56.6,45.8,1
163,4.45,10.48,25.2,56.6,45.8,1
129,4.09,10.39,25.1,56.8,45.8,1
110,3.65,10.39,25.1,56.8,45.8,1
118,3.3,10.45,25.1,56.6,45.8,1
77,3.17,10.4,25,56.5,45.8,1
122,3.63,10.43,25,56.4,45.8,1
117,3.5,10.44,25,56.3,45.7,1
131,3.1,10.51,25,56.2,45.7,1
102,3.43,10.44,25,56.1,45.7,1
118,4.04,10.43,25,56.1,45.7,1
147,4.04,10.46,25,56.1,45.7,1
153,4.11,10.45,25.1,56.2,45.6,1
162,3.93,10.43,25.1,56.4,45.6,1
164,4.27,10.43,25.1,56.6,45.6,1
139,3.82,10.4,25.1,56.7,45.6,1
131,4.02,10.41,25.2,56.6,45.6,1
135,3.64,10.49,25.3,56.6,45.6,1
121,3.65,10.48,25.2,56.6,45.6,1
95,3.3,10.46,25,56.5,45.6,1
114,3.05,10.48,25,56.3,45.6,1
86,3.77,10.43,25.1,56.1,45.6,1
120,3.2,10.45,25.1,56,45.6,1
111,2.95,10.44,25,55.9,45.6,1
137,3.75,10.47,25.1,55.9,45.6,1
106,3.5,10.44,25.2,56,45.5,1
95,3.22,10.45,25.1,56,45.5,1
107,3.1,10.45,25.1,55.8,45.5,1
139,3.61,10.47,25.1,55.7,45.5,1
141,3.74,10.46,25.3,55.8,45.5,1
115,3,10.47,25.1,55.8,45.5,1
136,3.64,10.43,25.2,55.8,45.5,1
120,3.6,10.43,25.3,55.8,45.5,1
101,3.24,10.48,25.1,55.7,45.5,1
98,3.54,10.39,25.1,55.5,45.5,1
83,2.72,10.48,25,55.5,45.5,1
101,3.54,10.46,25.3,55.3,45.5,1
84,3.16,10.43,25.3,55.3,45.4,1
98,3.28,10.45,25.3,55.3,45.4,1
94,3.21,10.46,25.1,55.3,45.4,1
44,2.44,10.47,25.1,55.3,45.4,1
68,2.98,10.42,25.1,55,45.4,1
75,2.86,10.48,25.3,54.9,45.4,1
105,3.18,10.5,25.3,54.9,45.3,1
80,3.03,10.44,25.2,54.9,45.3,1
67,2.6,10.44,25.1,54.8,45.3,1
79,3.4,10.46,25.4,54.6,45.3,1
90,3.3,10.46,25.4,54.6,45.3,1
110,3.72,10.48,25.5,54.7,45.3,1
122,3.78,10.43,25.5,54.8,45.3,1
74,3.67,10.44,25.4,55,45.3,1
114,3.69,10.44,25.3,54.9,45.3,1
92,3.43,10.46,25.4,55,45.3,1
61,3.38,10.5,25.5,54.9,45.3,1
70,3.06,10.49,25.3,54.8,45.3,1
83,3.51,10.43,25.3,54.8,45.2,1
105,3.15,10.5,25.3,54.8,45.3,1
96,3.45,10.5,25.3,54.8,45.3,1
445,6.6,14.34,5.027859,61.6,45.5,2
384,5.63,13.65,5.059818,62,45.5,2
418,5.9,14.02,5.091777,62.1,45.6,2
430,6.3,14.17,5.123736,62.3,45.6,2
399,6.08,13.8,5.155695,62.6,45.7,2
442,6.07,14.25,5.187654,62.7,45.7,2
335,5.43,13.09,5.219613,62.8,45.7,2
340,5.56,13.14,5.251572,62.8,45.8,2
395,5.86,13.87,5.283531,62.8,45.8,2
419,6.07,14.06,5.31549,62.8,45.8,2
435,6.27,14.19,5.347449,63,45.8,2
371,5.92,13.62,5.379408,63.1,45.9,2
305,5.34,12.66,5.411367,63.1,46,2
302,5.44,12.63,5.443326,62.8,45.9,2
286,5.66,12.5,5.475285,62.6,45.9,2
343,5.83,13.14,5.507244,62.5,45.9,2
343,5.72,13.27,5.539203,62.4,45.9,2
388,5.44,13.68,5.571162,62.5,45.9,2
322,5.58,13.04,5.603121,62.6,45.9,2
356,5.79,13.34,5.63508,62.6,45.9,2
339,5.86,13.13,5.667039,62.6,45.9,2
296,5.42,12.56,5.698998,62.6,45.9,2
260,4.96,12.12,5.730957,62.4,45.9,2
257,5.25,12,5.762916,62.2,45.8,2
240,5,11.66,5.794875,62,45.8,2
229,4.98,11.52,5.826834,61.8,45.7,2
323,5.5,13.02,5.858793,61.6,45.6,2
250,5.08,11.83,5.890752,61.8,45.6,2
211,4.87,11.33,5.922711,61.6,45.6,2
202,4.69,11.16,5.95467,61.4,45.5,2
238,4.91,11.68,5.986629,61.1,45.5,2
193,4.53,10.83,6.018588,61,45.4,2
244,5.14,11.89,6.050547,60.8,45.3,2
300,5.26,12.67,6.082506,60.9,45.3,2
245,5.02,11.82,6.114465,61,45.3,2
257,4.96,12,6.146424,61.1,45.3,2
222,4.97,11.39,6.178383,61,45.3,2
207,4.48,11.13,6.210342,61,45.2,2
172,4.28,10.49,6.242301,60.6,45.2,2
217,4.89,11.35,6.27426,60.4,45.1,2
247,5.45,11.93,6.306219,60.3,45.1,2
210,4.59,11.25,6.338178,60.4,45.1,2
153,3.78,10.46,6.370137,60.2,45,2
197,4.17,10.92,6.402096,60,45,2
158,3.56,10.44,6.434055,59.8,44.9,2
118,3.31,10.44,6.466014,59.5,44.9,2
164,4.16,10.44,6.497973,59.2,44.8,2
235,4.52,11.51,6.529932,59.1,44.8,2
217,4.65,11.37,6.561891,59.2,44.7,2
230,4.88,11.67,6.59385,59.5,44.7,2
313,5.49,12.78,6.625809,59.7,44.7,2
220,4.68,11.48,6.657768,60.1,44.8,2
185,4.53,10.87,6.689727,60.1,44.7,2
246,4.69,11.78,6.721686,60,44.7,2
190,4.35,11.03,6.753645,60,44.7,2
140,3.4,10.4,6.785604,59.9,44.7,2
71,3.3,10.43,6.817563,59.5,44.6,2
153,3.58,10.47,6.849522,58.9,44.6,2
175,4.21,10.67,6.881481,58.7,44.6,2
231,4.69,11.58,6.91344,58.9,44.5,2
311,4.98,12.81,6.945399,59.2,44.5,2
236,4.58,11.64,6.977358,59.6,44.5,2
211,4.71,11.16,7.009317,59.7,44.6,2
288,5.36,12.38,7.041276,59.7,44.5,2
231,4.78,11.72,7.073235,59.9,44.6,2
232,4.91,11.69,7.105194,60,44.6,2
215,4.66,11.39,7.137153,60,44.6,2
301,5.23,12.56,7.169112,60,44.6,2
324,5.66,12.97,7.201071,60.3,44.6,2
247,5.05,11.78,7.23303,60.5,44.6,2
260,5.18,12.12,7.264989,60.5,44.7,2
283,5.42,12.45,7.296948,60.5,44.7,2
243,4.79,11.81,7.328907,60.6,44.8,2
236,4.78,11.61,7.360866,60.5,44.8,2
206,4.47,11.04,7.392825,60.5,44.8,2
150,3.94,10.47,7.424784,60.2,44.7,2
158,3.92,10.51,7.456743,59.7,44.7,2
159,4,10.42,7.488702,59.5,44.6,2
127,4.26,10.36,7.520661,59.4,44.6,2
190,4.34,10.8,7.55262,59.1,44.5,2
176,3.95,10.73,7.584579,59.1,44.5,2
336,5.26,13.03,7.616538,59.3,44.5,2
500,6.65,14.95,7.648497,59.8,44.5,2
434,6.1,14.25,7.680456,60.7,44.6,2
407,5.69,13.99,7.712415,61.3,44.7,2
284,5.24,12.53,7.744374,61.5,44.8,2
266,4.76,12.1,7.776333,61.5,44.9,2
207,4.19,11.1,7.808292,61.3,44.9,2
311,5.41,12.72,7.840251,61,44.9,2
291,5.03,12.53,7.87221,61,44.9,2
306,5.61,12.61,7.904169,61,44.9,2
311,5.45,12.75,7.936128,61.1,44.9,2
281,5,12.24,7.968087,61.2,44.9,2
234,4.99,11.75,8.000046,61.1,44.9,2
198,4.75,11.09,0,61,44.9,2
152,4.42,10.46,0,60.6,44.9,2
152,4.24,10.45,0,60.2,44.8,2
140,4.01,10.44,0,59.9,44.8,2
108,3.74,10.46,0,59.5,44.6,2
134,3.55,10.5,0,59,44.6,2
78,3.21,10.47,0,58.8,44.5,2
100,3.71,10.42,0,58.4,44.5,2
153,3.77,10.48,0,58.1,44.5,2
181,4.34,10.58,0,58.1,44.4,2
189,4.43,10.74,0,58.3,44.3,2
139,3.94,10.43,0,58.4,44.3,2
161,4.5,10.45,0,58.3,44.3,2
166,3.89,10.49,0,58.3,44.2,2
166,4.35,10.48,0,58.3,44.1,2
186,4.51,10.83,0,58.3,44.1,2
146,3.98,10.45,0,58.3,44.1,2
103,3.63,10.39,0,58.3,44.1,2
184,4.05,10.8,0,58.1,44.1,2
175,4.1,10.58,0,58.2,44,2
179,4.36,10.9,0,58.2,44,2
220,4.8,11.31,0,58.3,44,2
218,4.5,11.25,0,58.4,44,2
198,4.63,11.01,0,58.6,44,2
213,4.16,11.15,0,58.6,44,2
236,4.5,11.49,0,58.6,44,2
178,4.25,10.7,0,58.8,44,2
147,3.97,10.37,0,58.6,44,2
128,3.85,10.4,0,58.4,44,2
75,2.91,10.42,0,58.1,44,2
62,3.06,10.42,0,57.6,43.9,2
58,2.8,10.46,0,57,44,2
67,2.65,10.45,0,56.6,43.9,2
131,3.69,10.43,0,56.3,43.8,2
62,3.27,10.42,0,56.4,43.8,2
109,3.41,10.46,0,56.2,43.8,2
61,3.08,10.41,0,56.1,43.8,2
98,3.69,10.44,0,56.1,43.8,2
88,2.88,10.49,0,56,43.7,2
117,2.95,10.51,0,56,43.7,2
170,3.97,10.58,0,56,43.7,2
94,3.2,10.45,0,56.1,43.6,2
117,3.48,10.52,0,56,43.6,2
267,5.1,12.14,0,56,43.6,2
293,4.73,12.52,0,56.6,43.7,2
341,5.78,13.23,0,57.5,43.7,2
314,5.12,12.8,0,58.1,43.8,2
360,5.65,13.39,0,58.6,44,2
318,5.51,12.83,0,59,44,2
294,5.43,12.55,0,59.2,44.1,2
194,4.52,10.78,0,59.3,44.1,2
154,4.05,10.48,0,58.8,44.1,2
187,4.19,10.83,0,58.3,44.1,2
130,3.98,10.44,0,58.1,44.1,2
221,5.02,11.62,0,57.8,44,2
189,4.57,10.94,0,58,44,2
86,3.66,10.4,0,57.9,44,2
299,5.35,12.47,0,57.5,44,2
330,5.6,12.99,0,57.9,44,2
372,5.59,13.53,0,58.5,44,2
389,5.71,13.74,0,59,44.1,2
422,6.12,14.13,0,59.6,44.3,2
416,5.97,14,0,60,44.4,2
322,5.55,12.9,0,60.3,44.4,2
243,5,11.91,0,60.2,44.5,2
238,4.86,11.65,0,60,44.5,2
307,5.5,12.69,0,59.8,44.6,2
275,5.06,12.22,0,59.9,44.6,2
302,5.41,12.63,0,59.9,44.6,2
272,4.93,12.31,0,60,44.6,2
279,5.12,12.33,0,59.9,44.6,2
266,5.24,12.17,0,59.8,44.6,2
243,4.8,11.77,0,59.8,44.6,2
237,4.64,11.64,0,59.7,44.5,2
195,4.79,11.18,0,59.5,44.6,2
224,4.77,11.48,0,59.3,44.5,2
229,4.93,11.54,0,59.2,44.5,2
223,4.54,11.45,0,59.1,44.5,2
199,4.64,11.14,0,59.1,44.5,2
224,4.76,11.55,0,59.1,44.5,2
163,4.07,10.48,0,59,44.4,2
170,4.05,10.48,0,58.6,44.4,2
259,4.85,12.02,0,58.4,44.3,2
192,4.35,10.92,0,58.6,44.3,2
128,3.71,10.43,0,58.5,44.3,2
114,3.59,10.41,0,58.1,44.3,2
89,2.69,10.42,0,57.8,44.3,2
222,4.58,11.43,0,57.4,44.1,2
232,4.49,11.77,0,57.7,44.1,2
271,5.41,12.27,0,58.1,44.1,2
288,5.31,12.47,0,58.4,44.2,2
252,4.81,11.96,0,58.8,44.2,2
154,4.01,10.45,0,58.9,44.2,2
303,5.11,12.68,0,58.6,44.2,2
276,5.12,12.27,0,58.9,44.2,2
260,5.1,12.11,0,59.1,44.3,2
199,4.61,11.04,0,59.2,44.3,2
189,4.64,11,0,59,44.3,2
215,4.85,11.32,0,58.6,44.3,2
228,4.93,11.69,0,58.5,44.2,2
273,4.88,12.24,0,58.6,44.3,2
200,4.58,11.15,0,58.8,44.3,2
165,4.18,10.49,0,58.8,44.2,2
103,3.1,10.5,0,58.4,44.1,2
135,3.77,10.46,0,57.8,44.1,2
128,3.66,10.42,0,57.5,44.1,2
98,3.32,10.41,0,57.2,44.1,2
71,2.98,10.46,0,56.9,44,2
70,2.81,10.42,0,56.5,44,2
133,3.37,10.51,0,56.3,44,2
119,4.1,10.4,0,56.2,43.9,2
101,3.18,10.43,0,56.3,43.8,2
91,3.37,10.45,0,56.1,43.8,2
101,3.37,10.44,0,56,43.8,2
126,3.56,10.46,0,55.9,43.8,2
126,3.65,10.47,0,55.9,43.7,2
138,4.04,10.48,0,56,43.7,2
156,4.17,10.47,0,56.1,43.6,2
103,3.51,10.45,0,56.2,43.6,2
106,3.11,10.48,0,56.1,43.6,2
179,4.44,10.75,0,56,43.6,2
190,4.34,10.83,0,56.3,43.5,2
204,4.51,11.11,0,56.5,43.5,2
197,4.5,11.02,0,56.8,43.5,2
182,4.17,10.68,0,57,43.5,2
148,4.07,10.44,0,57,43.5,2
144,4.03,10.48,0,56.9,43.5,2
168,4.25,10.55,0,56.8,43.5,2
163,4.25,10.49,0,56.8,43.5,2
126,3.91,10.46,0,56.6,43.5,2
134,4.05,10.48,0,56.5,43.4,2
150,4.14,10.46,0,56.5,43.4,2
156,4.05,10.44,0,56.5,43.3,2
182,4.43,10.78,0,56.4,43.3,2
145,4.08,10.48,0,56.5,43.3,2
157,4.25,10.45,0,56.5,43.3,2
136,3.89,10.45,0,56.5,43.3,2
176,4.48,10.67,0,56.4,43.3,2
181,4.31,10.57,0,56.5,43.2,2
141,4.17,10.43,0,56.6,43.2,2
133,3.67,10.47,0,56.5,43.2,2
97,3.67,10.41,0,56.2,43.2,2
96,3.21,10.46,0,55.8,43.1,2
72,3.33,10.41,0,55.6,43.1,2
92,3.6,10.43,0,55.4,43.1,2
56,3.06,10.42,0,55.3,43.1,2
6,2.14,10.43,0,55.1,43.1,2
56,2.41,10.45,0,54.6,43.1,2
69,2.67,10.45,0,54.3,43,2
54,2.43,10.44,0,54.2,43,2
101,3.34,10.42,0,54.1,43,2
33,2.78,10.38,0,54.3,43,2
153,3.83,10.49,0,54.1,43,2
121,3.54,10.52,0,54.3,43,2
148,3.65,10.5,0,54.5,42.9,2
110,3.8,10.41,0,54.6,42.9,2
82,3.35,10.44,0,54.6,42.9,2
84,2.82,10.45,0,54.5,42.9,2
112,3.46,10.43,0,54.4,42.9,2
111,3.21,10.51,0,54.3,42.8,2
96,3.65,10.4,0,54.4,42.8,2
110,3.56,10.46,0,54.4,42.8,2
121,3.58,10.47,0,54.4,42.8,2
59,3.24,10.42,0,54.5,42.8,2
87,3.61,10.43,0,54.3,42.8,2
88,3.64,10.43,0,54.2,42.8,2
75,3.56,10.39,0,54.3,42.7,2
61,2.35,10.52,0,54.1,42.7,2
73,2.47,10.43,0,53.8,42.7,2
58,2.45,10.5,0,53.5,42.7,2
94,2.69,10.48,0,53.3,42.6,2
83,3,10.45,0,53.3,42.6,2
22,2.16,10.42,0,53.4,42.6,2
63,2.03,10.48,0,53.1,42.6,2
69,2.94,10.41,0,53,42.6,2
58,3.1,10.45,0,52.9,42.6,2
60,2.78,10.44,0,52.8,42.6,2
74,2.85,10.46,0,52.8,42.6,2
56,3.21,10.42,0,52.8,42.5,2
68,3.01,10.44,0,52.8,42.6,2
71,3.17,10.42,0,52.8,42.5,2
92,2.78,10.49,0,52.8,42.5,2
187,3.45,10.74,0,53,42.5,2
101,3.95,10.47,0,53.5,42.5,2
118,3.49,10.42,0,53.8,42.5,2
112,3.14,10.42,0,53.8,42.5,2
121,3.22,10.47,0,53.7,42.5,2
88,3.11,10.42,0,53.7,42.5,2
99,3.61,10.39,0,53.7,42.4,2
118,3.47,10.48,0,53.6,42.4,2
71,3.49,10.44,0,53.6,42.4,2
84,2.9,10.45,0,53.6,42.3,2
133,3.63,10.49,0,53.4,42.3,2
117,4.05,10.44,0,53.5,42.3,2
104,3.68,10.44,0,53.6,42.3,2
82,3.53,10.41,0,53.6,42.3,2
112,3.56,10.44,0,53.5,42.3,2
89,3.39,10.47,0,53.5,42.2,2
82,3.56,10.43,0,53.4,42.3,2
61,3.27,10.43,0,53.3,42.2,2
63,2.94,10.48,0,53,42.2,2
69,3.4,10.43,0,52.9,42.2,2
91,3.37,10.46,0,52.8,42.1,2
91,3.54,10.46,0,52.8,42.1,2
107,3.56,10.47,0,52.9,42.1,2
110,3.74,10.45,0,53,42.1,2
82,3.23,10.45,0,53.1,42.1,2
77,3.08,10.44,0,53.1,42.1,2
89,3.17,10.46,0,53,42.1,2
101,3.15,10.45,0,52.9,42,2
78,3.28,10.44,0,53,42,2
101,3.36,10.46,0,52.9,42,2
65,3.26,10.41,0,52.9,42,2
103,3.27,10.47,0,52.9,42,2
89,4.02,10.4,0,52.9,42,2
141,3.79,10.47,0,53,42,2
131,3.63,10.45,0,53.1,42,2
140,3.83,10.46,0,53.3,41.9,2
155,3.8,10.47,0,53.4,41.9,2
135,3.71,10.44,0,53.6,41.9,2
145,3.78,10.44,0,53.6,41.9,2
172,4.11,10.53,0,53.8,41.9,2
186,4.16,10.78,0,54,41.8,2
186,4.54,10.81,0,54.3,41.8,2
181,4.27,10.75,0,54.5,41.8,2
180,4.12,10.52,0,54.6,41.8,2
203,4.44,11.1,0,54.7,41.8,2
221,4.51,11.4,0,54.9,41.8,2
217,4.38,11.4,0,55.2,41.8,2
222,4.2,11.43,0,55.4,41.9,2
206,4.27,11.29,0,55.5,42,2
209,4.31,11.17,0,55.7,42,2
166,3.75,10.49,0,55.8,42,2
130,3.67,10.38,0,55.6,42,2
168,3.81,10.45,0,55.5,42,2
150,3.59,10.49,0,55.3,42,2
131,3.79,10.44,0,55.1,42,2
123,3.78,10.44,0,54.8,42,2
122,3.69,10.46,0,54.6,42,2
